userid,rating,contest1,contest2,contest3,contest4,contest5,contest6,contest7,contest8,contest9,contest10
3143927301,2115,2078,2055,2115,2047,2024,2010,1953,1936,2042,2045
1876577621,2254,2194,2114,2152,2179,2211,2154,2170,2141,2157,2209
6397741793,2344,2120,2206,2147,2234,2294,2090,2089,2072,2085,2114
3090123616,2224,2224,2222,2166,2116,2029,2113,2104,2096,2115,2163
9564162806,2128,2128,2120,2072,2018,1963,2039,1932,1963,1960,1886
3796242163,2139,1987,2040,2101,2139,2102,1996,1765,1734,1581,1769
8332225684,2132,2114,2132,2094,2063,1960,1947,1987,1822,1716,1454
5454867391,2294,2034,2016,1873,1892,1863,1825,2012,2164,2125,2208
7429241387,2170,2117,2170,2149,2071,2084,2023,1998,1910,1815,1973
1747131862,2242,2242,2005,2041,2029,1851,1756,1746,1643,1712,1507
1292939055,2191,2147,2143,2191,2150,2107,2024,2095,2141,2065,2092
4227484046,2231,2231,2100,2166,2099,2041,2003,1941,1891,1843,1833
6519694127,2247,2247,2054,2025,2046,2137,2058,2000,2022,2022,2002
2390250517,2062,2042,2062,1936,1925,1830,1791,1842,1866,1918,1851
8537238232,2331,2018,2015,2074,2143,2056,1905,1997,2066,2134,2175
7611210823,2242,2139,2158,2195,2108,2125,2213,2219,2231,2193,2201
5669498982,2673,2464,2556,2564,2601,2647,2645,2673,2666,2642,2544
9104862886,2146,2146,2121,2051,2012,2009,2029,1945,1926,1971,2049
5696423157,2728,2728,2599,2426,2506,2426,2477,2410,2491,2372,2215
9412604737,1992,1992,1777,1834,1923,1675,1798,1720,1940,1651,1289
2466737336,2478,2478,2200,2132,2119,2071,1947,1801,1775,1686,1619
7454794441,2731,2527,2495,2557,2527,2498,2445,2409,2408,2486,2560
9448189295,2244,2244,2157,2062,2158,2088,2020,1996,1987,2032,2066
4510669982,2898,2795,2779,2751,2770,2789,2741,2773,2864,2748,2704
4316527424,2121,2121,2084,2084,1998,1961,1977,1966,1920,2005,2118
8045623301,2266,2190,2237,2143,2218,2175,2205,2092,2127,2181,2251
6565997964,2356,2113,2245,2356,2215,2084,1987,1993,1716,1176,656
5486469395,2199,2070,1998,2038,2040,2051,2164,2123,2156,2065,2013
1139194040,2257,2257,2034,2086,2170,2182,2043,2154,2076,2148,2077
2996053410,2565,2565,2537,2508,2482,2406,2465,2467,2425,2377,2438
7222518630,2178,2120,2147,2060,1952,1874,1910,1931,2084,2028,1979
5697119644,2084,2084,1903,1812,1832,1697,1631,1540,1472,1653,1674
7275605488,2453,2225,2113,2111,2121,2070,2074,2110,2049,2133,2199
3628203182,2157,1981,1994,1995,2002,1931,1916,1905,2049,2106,2037
5202983623,2159,2123,2100,2142,2157,2061,2159,2085,2079,2044,2053
2784261221,2336,2291,2254,2328,2336,2297,2286,2300,2298,2142,2014
4335277986,2304,2161,2163,2180,2229,2237,2301,2242,2296,2267,2304
5244965339,2137,2118,2108,2137,2071,2051,2020,2008,2011,1892,1877
1705432786,2656,2518,2656,2606,2571,2556,2334,2272,2288,2242,2282
8598490635,2012,2012,1900,1886,1915,1942,1954,1923,1925,1784,1704
6364854274,2342,2146,2080,2081,1962,1954,1993,2143,2156,2109,2181
1950641353,2186,2082,2078,2052,1984,1955,1910,2025,2064,2084,2141
9043422670,2142,2142,2087,2033,2007,1952,1989,1998,2044,2078,2079
9690339408,2336,2314,2336,2296,2238,2225,2168,2233,2164,2095,2150
3163718259,2512,2229,2120,2197,2217,2261,2232,2145,2190,2184,2059
1106450952,2235,2098,2095,2071,2002,2082,2012,2093,2011,2046,1909
7867088828,2080,2047,2080,1970,1847,1886,1882,1925,1896,1758,1689
2458251346,1998,1998,1907,1751,1799,1745,1781,1768,1832,1712,1678
7078606195,2186,2186,2075,2107,2085,2107,2071,2043,1975,1958,1971
6271249597,2242,2181,2179,2119,2242,2194,2188,2180,2164,2078,2074
1558902073,3069,3052,2982,3031,2914,3035,3069,3027,3010,3056,3016
3230016355,2573,2573,2414,2356,2294,2314,2299,2354,2290,2256,2204
8587786476,2192,2192,2136,1878,1615,1148,572,,,,
2847733359,2160,2027,1933,2118,2127,2083,2160,1992,2049,1928,1881
4550560542,2361,2336,2329,2361,2231,2295,2359,2307,2318,2251,2338
2819279527,2148,2148,2029,2093,1979,2022,1858,1912,1942,1889,1959
3568346516,2120,2034,2120,2058,2028,1954,2052,1964,1975,1833,1886
4932093552,2237,2237,2119,2014,1965,1950,1985,2070,1992,1925,1866
9998496758,2234,2141,2091,2147,2112,2098,2042,1995,1913,1989,1963
9403042377,2388,2388,2166,2109,1928,1610,1664,1704,1777,1796,1828
1911155043,2581,2380,2341,2461,2480,2357,2398,2435,2433,2413,2390
3767456537,2094,2000,2033,2094,2024,2008,1942,1988,2007,1905,1856
5937834650,2057,1997,2031,1923,1875,2009,1981,1996,1969,2045,1989
4219479224,2621,2457,2586,2621,2526,2493,2552,2555,2415,2516,2472
4806982321,2182,2159,2182,2043,1950,1892,1901,2046,1946,1819,1831
3039324024,2125,2125,2094,2060,2044,2031,2063,2039,1961,2030,1981
7739739882,2159,2154,2159,2052,1959,1984,1970,1968,1921,2012,1950
9347095929,2147,2147,2072,2060,2011,1902,1968,1995,2116,2057,2134
4801935144,2082,2056,2074,2077,1952,1848,1833,1916,1881,1930,1962
7239860861,2281,2119,2147,2202,2210,2281,2151,2065,1953,1831,1862
7569724407,2015,2015,1938,1940,1866,1859,1792,1664,1502,1648,1768
1094931857,2852,2852,2819,2746,2658,2433,2414,2449,2233,2297,2250
8674960476,2787,2781,2751,2787,2733,2762,2714,2654,2641,2537,2577
6176899200,2346,2280,2346,2241,2266,2303,2229,2113,2235,2190,2187
9271052327,2165,2007,2103,2165,2063,2096,2044,1983,1796,1801,1800
2133946451,2216,2116,2216,2119,2138,1948,2011,1990,2009,2028,1665
7831966332,2834,2834,2767,2738,2647,2545,2444,2446,2282,2279,2161
8873617354,2130,2095,2084,1973,2013,1982,1963,1921,2013,2039,2017
5364097990,2021,2021,1996,2018,1942,1959,1850,1782,1841,1869,1822
4180594447,2134,2134,2071,2038,1963,1798,1794,1749,1790,1724,1636
2898587386,2317,2295,2260,2260,2317,2262,2192,2223,2230,2197,2292
9129361700,2386,2137,2091,2107,2147,2047,2035,2118,2105,2133,2109
7789176615,2605,2573,2546,2605,2306,2294,2350,2404,2422,2342,2290
3737360326,2329,2329,2307,2283,2147,2158,2184,2090,1970,1921,1895
9912985105,2123,2011,2014,2100,1984,2059,2008,2049,1881,1996,1935
5848735147,2010,2010,1887,1705,1475,1202,745,,,,
5943974570,2470,2371,2409,2437,2407,2359,2438,2470,2438,2427,2459
4535609940,2020,2020,1946,1954,1861,1922,1879,1680,1500,1401,967
2983055584,2399,2399,2308,2258,2292,2247,2221,2300,2274,2083,2038
9751019344,2273,2231,2173,2210,2151,2084,2105,2143,2186,2234,2139
1221893734,2182,2068,2182,2088,1970,1931,2008,1877,1888,1862,1904
2765632561,2374,2230,2265,2244,2254,2195,2285,2374,2361,2301,2298
4982047322,2136,2018,1975,2048,2136,2081,1855,2057,1900,1329,563
2222482252,2152,2152,1819,1770,1516,892,,,,,
7212167961,2439,2190,2249,2258,2350,2338,2414,2412,2439,2313,2302
4585844856,2988,2409,2319,2453,2528,2636,2619,2711,2675,2599,2634
6686110770,2441,2441,2276,2200,2204,2187,2097,1932,2016,1878,1769
4543797240,2212,2158,2212,2137,2097,2088,2004,2042,2114,2055,1933
2056058622,2189,2151,2189,2045,1915,1684,1363,795,,,
7956598787,3105,2984,3060,2890,2795,2837,2756,2774,2696,2805,3015
8214209610,2090,2090,2017,1921,1891,1875,1863,1901,1683,1602,1728
4389491796,2341,2327,2341,2281,2237,2246,2177,2120,2066,2166,2174
3942625055,1994,1986,1994,1945,1905,1848,1861,1781,1615,1485,1188
7815697005,2098,2022,1951,2044,2075,2033,2098,1971,1937,1928,1916
7910992330,2046,2046,2013,1895,1846,1955,1560,1142,664,,
6847829492,2378,2378,2223,2106,2098,2125,2199,2127,2113,1933,2076
4561463066,2375,2030,2099,2156,2064,2155,2205,2205,2113,2095,2150
6060785168,2365,2365,2319,2207,2040,1983,1882,1876,1851,1813,1517
9526100256,2235,2229,2235,2173,2042,2075,1937,1943,1832,1608,1576
4907140698,2213,2213,1975,1911,1663,1376,718,,,,
4864873267,2082,2082,2007,1991,1668,1478,1093,577,,,
7400782497,2110,1987,2009,2098,2039,2110,2022,1999,1911,1902,1775
9634827218,2167,2167,2064,2003,2024,1957,1987,1976,2055,2045,2041
5713167539,2194,2127,2194,2092,2123,2028,2058,2118,2022,1993,1927
5079358786,2350,2282,2289,2350,2302,2296,2238,2222,2048,2008,1863
1823570879,2122,2122,2046,2014,1862,1827,1888,1770,1772,1825,1864
9839880165,2068,2068,2053,2038,1951,1909,1784,1543,1340,973,509
4556183727,2116,2116,2068,2043,2041,2037,2003,1982,1896,1856,1824
9058204345,2270,2130,2233,2231,2166,2121,2220,2087,2078,2127,2208
9869838315,2254,2149,2055,2100,2007,1947,1960,2001,1998,2123,2127
9130380919,2188,2108,2188,1993,1774,1585,,,,,
8023825012,2997,2407,2315,2370,2490,2345,2577,2486,2576,2651,2608
5510153663,2025,2025,1976,1980,2005,1872,1866,1841,1935,1910,1783
2075120224,2298,2298,2168,1983,1776,1349,819,,,,
8104021812,2421,2421,2274,2292,2243,2128,2155,2162,2040,2082,2070
2414589524,2205,2060,2101,2048,2143,2205,2039,2101,1811,1714,1655
8766445247,2471,2449,2392,2359,2442,2377,2471,2361,2328,2311,2283
6433835529,2003,2003,1931,1835,1625,1387,1134,697,,,
6014349269,2487,2487,2315,2376,2348,2356,2275,2205,2183,2122,2188
9072002071,2027,2027,1978,1907,1697,1646,1471,1200,879,466,
4038015158,2164,2090,2111,1956,2051,2057,2094,2103,2064,2010,2014
4581057307,2130,2130,1931,1458,975,,,,,,
9611495114,2179,2145,2179,2088,2082,1992,1940,1978,1896,1853,1886
6213461389,2154,2154,2030,1762,1286,787,,,,,
9103545447,2768,2120,2257,2356,2462,2376,2383,2546,2653,2581,2531
2041152658,2114,2114,2103,2086,2039,2078,2062,2033,2033,1995,1956
9844067487,2250,1988,2001,1985,1992,2132,2015,1926,1853,1795,1769
9471789596,2239,2140,2104,2239,2195,2163,2117,2125,2109,2051,1919
3164088664,2921,2807,2846,2877,2921,2722,2677,2677,2613,2590,2639
9621687256,2029,2029,1981,1882,1914,1762,1711,1650,1661,1686,1757
9671896203,2283,2209,2283,2280,2064,1988,1891,1834,1863,1944,1884
8531592608,2245,1981,2016,1967,2027,1931,1856,1928,1936,1918,1966
1893832495,2092,2011,2092,2010,1887,1871,1862,1794,1833,1856,1971
8484406603,2742,2410,2444,2490,2520,2426,2363,2411,2398,2426,2354
1211685799,2083,2008,2023,1921,2005,1944,2003,2047,2083,2052,1993
9766167944,2369,2255,2299,2295,2248,2318,2360,2185,2220,2317,2319
2721974866,2866,2866,2786,2772,2759,2703,2647,2642,2584,2485,2471
5793178217,2325,2324,2221,2325,2227,2093,1908,1979,1798,1584,1320
9614411529,2023,2023,1812,1406,1089,606,,,,,
3688371392,2029,2029,1980,2003,1858,1793,1727,1771,1662,1529,1297
5106029531,2058,2058,1959,1929,2010,1895,1722,1803,1672,1752,1738
8583769743,2144,2144,2064,1991,2028,2002,2033,1933,1904,1836,1873
9825888151,2399,2324,2319,2288,2208,2219,2233,2165,2360,2227,2255
9511105783,2130,2130,2069,2083,2062,1891,1924,1879,1849,1926,1895
1083632117,3055,2945,2963,2926,3014,2837,2986,2968,2929,3055,2956
8026855223,2462,2443,2462,2368,2310,2298,2249,2148,2131,2143,2156
1232076220,2409,2409,2259,2198,2042,2101,2053,2044,1984,2032,1970
5794747001,2615,2394,2388,2455,2434,2454,2511,2490,2506,2547,2500
5837247213,2249,2249,2198,2196,2168,2100,2064,2123,2163,2182,2045
6538880782,2191,2191,2070,2036,2119,2023,2009,1975,1936,1952,1944
4201282459,2501,2100,2234,2198,2272,2254,2240,2346,2424,2403,2501
4189899216,2215,2086,2070,2055,2087,2007,1987,2075,2100,2129,2215
1233566396,2175,2038,2050,2078,2097,2096,2104,2056,2063,2129,2134
2856299560,2643,2643,2442,2393,2283,2328,2329,2294,2116,1987,1564
8185324466,2236,2236,2178,2179,2105,2039,2010,2081,2050,1996,1924
5204590592,2131,2131,1909,1818,1865,1860,1801,1746,1527,1511,
9185460814,2302,2100,2167,2287,2229,2281,2214,2212,2182,2188,2229
1438193267,2315,2054,1970,1943,1918,2105,2153,2186,2087,2076,2034
8195180120,2546,2431,2460,2368,2363,2280,2265,2328,2297,2344,2345
3488988905,2228,2219,2146,2138,2117,2157,2107,2174,2122,2179,2195
2357056590,2248,2248,2221,2194,2064,1661,1005,869,,,
7759335447,2452,2452,2406,2372,2332,2355,2227,2299,2124,2133,2236
8399095705,2061,2061,1981,1839,1574,,,,,,
3044450285,2161,2161,2090,2063,2057,1894,1782,1688,1866,1977,1956
2420187711,2270,2270,1861,1520,872,,,,,,
3092230722,2305,2281,2245,2305,2264,2258,2267,2096,1867,1608,1544
2754349801,2729,2520,2452,2458,2438,2521,2525,2484,2586,2669,2712
1270991583,2181,2148,2076,2181,1964,1961,1852,1657,1757,1611,1635
4317468532,2192,2192,2061,2172,1983,1999,1929,1961,1962,1892,1923
8969389475,2020,2020,1917,1937,1969,1831,1837,1808,1755,1708,1461
5914865630,2103,2103,2094,2091,2075,2040,1962,2020,2024,1970,1920
8444076399,2187,2181,2187,2146,2105,2079,2074,1974,1925,1871,1855
9910894974,2049,1976,1986,2003,2004,2028,2049,1957,1990,1983,2028
8619704073,2411,2387,2261,2335,2401,2287,2214,2307,2411,2388,2266
1444760811,2009,2009,1858,1757,1748,1690,1626,1591,1474,1434,1419
8751870001,2142,1982,1910,1854,1899,1896,1927,1906,1786,1821,1943
4210753136,2367,2367,2286,2181,2045,2021,2118,2125,2120,1952,2088
1478434351,2222,2152,2222,2134,2110,2147,2145,2096,2082,2079,2071
3384756400,2436,2262,2308,2307,2219,2276,2351,2352,2376,2367,2412
2176146207,2971,2568,2544,2652,2718,2728,2824,2772,2726,2649,2754
2182861922,2117,2112,2117,2081,1938,1832,1845,1872,1843,1769,1676
7225186753,2191,2104,2044,2039,1970,2027,1887,1906,2035,2074,1995
7558128679,2122,2122,2059,2041,1963,1838,1754,1631,1207,632,
5897712820,2007,1991,2007,1840,1733,1773,1820,1732,1474,1247,885
4144291762,2372,2259,2243,2270,2305,2372,2352,2252,2209,2097,2074
7903616110,2294,2259,2048,2016,2098,2076,2081,2264,2294,2199,2112
5316558161,2283,2186,2283,2121,2030,1937,1943,1805,1776,1635,1541
1654168325,2339,2339,2331,2309,2273,2213,2324,2130,2043,1995,1834
1375779455,2027,2002,2027,1895,1872,1886,1871,1852,1847,1822,1700
3384831290,2501,2501,2288,2118,1842,1761,1688,1359,1505,1661,1356
7876375713,2301,2219,2223,2301,2246,2220,2239,2178,2169,2164,2130
5127200238,2242,2216,2242,2234,2213,2077,1949,1827,1600,1229,799
1188475145,2243,2156,2243,2232,2192,2149,2058,1985,1703,1499,1172
4880183377,2266,2093,2059,2038,1967,1934,1912,1970,2021,1969,1969
6541565719,2137,2056,2074,2097,2045,2052,1991,1973,1963,1878,1894
1317085001,2063,2002,2048,2063,2051,2030,1954,1960,1948,2046,1971
5333606202,2644,2644,2551,2472,2355,2364,2266,2251,2306,2324,2229
9427864450,2105,2037,2105,2069,2054,1957,1995,1917,1852,1837,1898
4362154103,2530,2530,2257,2158,1928,1452,891,,,,
7365096549,2740,2523,2539,2564,2655,2605,2696,2698,2625,2562,2504
3357442890,3369,3125,3022,3066,3026,3064,2981,2930,2791,2864,2825
5746373217,2183,2183,2135,2027,1941,2027,1950,2058,2119,2109,2062
1827545290,2188,2153,2188,2169,2164,2127,2181,2063,2038,1995,2023
4299995761,2267,2267,2064,1902,1923,1672,1895,1932,2043,1681,1359
4340424160,2148,2121,2103,2148,2062,2142,2081,2035,1787,1547,1172
2303503385,2118,2052,2002,2024,2037,2105,2118,2034,1931,1799,1626
7384029939,2016,2016,1953,1874,1696,1514,1205,655,,,
7815677466,2059,2059,2026,1894,1880,1866,1953,1940,1972,1924,1885
5927672278,2135,2135,2081,2084,2046,1922,1991,2024,1910,1918,1934
9838012994,2128,2128,2039,1800,1933,1999,1993,2049,2000,1930,1992
6061612318,2094,2094,2023,1989,1885,1865,1924,1907,1741,1770,1760
4465208254,2387,2207,2258,2342,2295,2328,2376,2343,2306,2387,2236
5116504601,2676,2239,2216,2249,2410,2443,2471,2368,2499,2387,2329
7188113205,2202,2133,2090,2148,2084,2044,2100,2106,2202,2123,1929
5695457126,2276,2276,2067,2146,2183,2088,2168,2151,2119,2034,1921
9772212019,2484,2302,2257,2192,2107,2214,2314,2147,2097,2202,2248
3845873994,2209,2209,2060,2020,2008,2098,2159,2160,2168,2037,2094
8955385220,2460,2460,2385,2344,2205,2015,1991,2066,2120,2034,1725
8299728275,2302,2284,2171,2137,2162,2188,2209,2137,2142,2192,2249
1566925613,2433,2433,2350,2290,2229,2145,1949,1962,1913,1644,1307
5104657361,2031,2018,1968,1871,1841,1745,1824,2031,2012,1986,1685
9807843315,2399,2365,2399,2378,2310,2329,2006,2062,2044,2109,2229
4130072590,2345,2345,2272,2047,1826,1496,1316,765,,,
2878063118,2709,2347,2371,2299,2295,2365,2379,2494,2422,2347,2351
1303054556,2041,2041,1950,1766,1645,1869,1838,1648,1724,1609,1665
7804131703,2109,2022,2057,2107,2080,2054,2109,2041,1992,2029,1990
3139934885,2808,2621,2623,2585,2669,2538,2631,2689,2633,2700,2808
8821185429,2269,2135,2172,2091,2048,2026,1947,2032,2111,2097,2087
5898275374,2866,2598,2502,2497,2435,2433,2479,2564,2545,2605,2624
7020016571,2227,2227,2059,2164,2060,2163,1955,1824,1590,1112,354
4284623320,2185,2021,2072,2119,1993,2043,1945,2086,2185,2007,2062
7393183979,2386,2386,2338,2275,2187,2102,2067,2063,2149,2050,1986
5351700835,2257,2257,2199,2187,2117,2079,2067,2105,2108,2124,2032
6069739819,2376,2233,2255,2225,2295,2311,2238,2233,2271,2376,2322
6462351299,2154,2117,2081,2088,2117,2006,2079,2075,2154,2146,2113
7981316415,2185,2113,2163,2068,2111,2127,2127,2044,2121,2144,2185
9648574876,2056,2056,1924,1844,1681,1503,1427,1490,1199,1209,1089
6659676958,2046,2046,1991,1869,1722,1686,1718,1693,1666,1685,1704
4055302905,2103,2014,2040,2016,1905,1870,1876,1970,1907,1934,2005
1243319382,2150,2150,2096,2089,2110,2102,1969,1981,1825,1754,1710
5452306115,2175,2090,1932,2162,2175,2125,2171,1972,1629,1385,1103
9448787201,2178,2178,1953,1758,1503,,,,,,
9503923487,2784,2784,2680,2556,2518,2636,2616,2479,2423,2638,2764
4375634211,2239,2068,2239,2182,2152,2083,2050,1925,1873,1692,1630
6643260931,2852,2503,2578,2604,2617,2558,2578,2590,2628,2559,2573
4489085746,2011,2011,1906,1893,1854,1891,1825,1799,1834,1869,1853
9100979934,2180,2172,2180,2171,2079,2072,2081,2009,2007,1962,1923
3663637013,2475,2386,2475,2328,2273,2237,2091,2056,1697,1554,1081
6351100315,2151,2109,2141,2151,2104,2087,1972,1986,1919,1982,2055
4021281917,2403,2397,2275,2365,2403,2358,2284,2249,2233,2254,2213
3207030878,2162,2162,1980,1931,1925,1924,1895,1840,1619,1444,1184
6782453862,2264,2264,2148,1955,1841,1770,1720,1713,1665,1572,1492
1698329572,2008,2008,1936,1549,1238,784,,,,,
3207206798,2112,2112,2025,1878,1630,1310,1079,570,,,
6402265513,2107,2037,2030,2066,2000,2011,1829,1745,1711,1798,1872
9977961666,3697,3493,3697,3559,3370,3397,3393,3415,3461,3460,3441
9572955218,2280,2142,2211,2236,2226,2107,2104,2189,2140,2105,2104
2801177320,2022,1986,1971,2018,2021,2022,1954,1904,1721,1600,1393
8738464289,2275,2275,2211,2231,2214,2202,2179,2101,2123,2115,2096
2517556222,2208,2028,2009,2148,2131,2150,2206,2054,1976,2060,2120
2321701416,2184,2065,2104,2124,2145,2184,2097,2040,2080,2020,1966
5662835469,1982,1982,1932,1861,1802,1755,1718,1538,1445,1140,542
8698403718,2223,2223,2167,2003,1949,1922,1871,1802,1683,1589,1479
7400068984,2399,2103,2061,2125,2084,2079,2146,2218,2075,2169,2102
8633248879,2588,2393,2367,2383,2362,2423,2555,2533,2586,2587,2588
5737086035,2118,2118,2042,2002,1921,1882,1948,1913,1985,2047,1977
7487223070,2813,2737,2713,2813,2810,2653,2570,2533,2423,2469,2448
4760974826,2208,2052,2116,2033,2208,2138,2072,2101,2024,2047,1962
8216775047,2018,2004,1916,1820,1786,1902,1922,1925,1914,1887,1952
6694843498,2772,2713,2626,2510,2515,2607,2722,2608,2537,2542,2443
2705232364,2160,2152,2160,2143,2118,2137,2076,2020,1908,1705,1700
3967404256,2215,2215,2172,2134,2048,2061,2041,2092,2120,2097,2060
5605997078,2938,2650,2619,2659,2702,2712,2676,2610,2578,2636,2658
3561251908,2590,2412,2495,2440,2487,2539,2467,2512,2590,2539,2557
3016752869,2128,2128,2046,2054,2010,2007,1960,1847,1650,1337,1345
1157241649,2642,2461,2490,2533,2642,2560,2431,2405,2349,2384,2494
7414762647,2144,2144,2076,2033,1889,1831,1888,1940,1919,1951,1742
6112790604,2031,1988,2031,1907,1819,1629,1333,997,584,,
6171403579,2247,2247,2185,2246,2164,2006,2022,1922,1988,2018,2059
8185018073,2117,1999,1932,1835,1871,1927,1900,2010,2080,2117,2039
2305014630,2395,2370,2349,2295,2357,2331,2395,2353,2261,2235,2230
8351830357,2184,2151,2154,2184,2174,2084,1935,1804,1757,1849,1932
4109150458,2041,1997,1992,1916,1836,1873,1873,1939,1908,1973,1881
3636674048,2592,2467,2565,2557,2562,2534,2479,2592,2540,2538,2571
6514772881,2043,2043,1941,1851,1886,1841,1736,1645,1664,1650,1645
5447646002,2119,2119,2044,1937,1891,1851,1926,1850,1705,1642,1738
9224955731,2559,2324,2356,2416,2442,2439,2383,2285,2265,2307,2336
8530047015,2287,2139,2177,2275,2282,2241,2287,2194,2096,2182,2155
3291015034,2050,2050,1884,1870,1790,1802,1673,1615,1612,1631,1511
2769945590,2168,2168,2062,1759,1351,782,,,,,
1534384329,2190,2085,2119,2138,2122,2190,2052,2140,2153,2110,2041
4799229142,2012,2012,1924,1780,1540,1202,714,439,,,
1315832305,2147,2117,2134,1936,1914,1993,2095,2130,1940,1923,1988
2080396638,2126,2126,1915,1851,1834,1829,1725,1657,1639,1635,1521
3480572214,2186,2186,2177,2043,2023,2004,2075,2058,1992,1873,1877
5920602871,2175,2175,1931,1918,1844,1752,1727,1736,1759,1868,1816
5329568350,2643,2569,2546,2499,2490,2363,2412,2397,2417,2494,2490
7543028666,2477,2477,2419,2383,2266,2343,2289,2253,2319,2272,2271
5081770861,2383,2218,2279,2383,2367,2334,2280,2243,2210,2077,2096
9539112368,2234,2129,1942,2008,1999,2072,2161,2234,2090,2120,2086
8484095421,1992,1992,1873,1806,1674,1369,1018,609,,,
3268768562,2345,2097,2097,2174,2263,2345,2191,2227,2090,2122,2186
5937501277,2309,2198,2309,2238,2272,2152,2208,2156,2052,2056,1960
6298141409,2593,2515,2593,2549,2495,2577,2499,2460,2363,2296,2062
1710835146,2204,2204,2119,2112,2019,1997,2003,1982,2041,1985,1893
6419272790,2250,2202,2114,2196,2070,2091,1977,2001,2098,2068,2178
9321957163,2089,2052,2013,2074,2071,2061,2074,2060,2054,2062,1998
9776263054,2788,2585,2664,2767,2663,2479,2468,2473,2456,2607,2634
9918555350,2088,1978,2080,2035,2088,2029,2012,2021,2009,2000,2043
5807040046,2082,1994,1987,1970,2082,2030,1828,1695,1635,1646,1522
5519700850,2149,2134,2124,2147,2149,2060,1984,1930,1956,2023,2065
4439463673,2095,2095,2028,1940,1842,1863,1840,1768,1998,1873,1792
3745861077,2203,2120,2203,2108,2002,2012,1980,1946,1960,1924,1989
2932277645,2123,2123,1986,1948,1822,1699,1620,1181,695,,
5947763958,2597,2455,2586,2597,2523,2503,2284,2102,2105,2050,2123
7641527005,2261,2101,2044,1991,1907,1939,1963,2041,2129,1970,2015
6542550458,2328,2328,2277,2260,2182,2220,2228,2265,2222,2184,2141
2738047541,2105,2105,2090,2073,1938,1859,1810,1817,1736,1760,1754
4147778226,2184,2158,2184,2078,1967,2050,2154,2182,2141,2098,2097
6013674882,2306,2097,2112,2110,2182,2246,2246,2231,2236,2197,2188
7192588019,2381,2156,2174,2171,2207,2221,2077,2040,2151,2201,2310
9617668873,2355,2313,2259,2336,2355,2293,2254,2092,1709,1193,862
1009941088,2224,2224,2078,1984,1776,1553,1237,686,,,
6393484337,2424,2388,2424,2342,2361,2386,2315,2357,2281,2215,2326
9995994432,2223,2138,2025,2020,2069,2056,2017,2086,2054,2067,2160
3624890519,1994,1994,1987,1890,1818,1872,1519,1199,650,,
5940751749,2328,2264,2268,2210,2264,2328,2159,2016,1773,1523,999
3206074679,2187,2187,2072,2058,2051,1938,1996,1945,2050,1930,1770
7301532644,2278,2278,2031,1559,885,,,,,,
3684723277,2295,2116,2149,2295,2216,2238,2276,2226,2184,2143,2248
8616786853,2090,2090,1993,2006,1945,1900,1813,1762,1656,1455,1141
6999378328,2089,1980,2025,2004,2089,1989,2060,2065,2077,1949,1839
9849358535,3500,3153,3225,3228,3193,3240,3266,3379,3372,3500,3282
2334988565,2282,2190,2077,2137,2129,2188,2223,2213,2199,2090,2019
4778696980,2497,2497,2349,2266,2261,2218,2373,2405,2281,2290,2221
6627381370,2247,2179,2157,2140,2085,2072,2088,2110,2181,2247,2217
8757931319,2017,2017,1970,1989,1916,1852,1888,1810,1866,1856,1880
4239554190,2321,2147,2170,2278,2321,2307,2273,2154,2135,2113,2025
6944836441,2304,2285,2264,2215,2223,2216,2222,2209,2149,2110,2153
3471761593,2056,2014,2010,1955,1961,1916,2044,1975,1953,1964,2044
5337993528,2880,2804,2717,2717,2852,2736,2580,2616,2710,2864,2880
5698798430,2190,2190,2092,2055,1951,1875,1891,1946,2004,2177,2172
9005027052,1993,1993,1952,1864,1791,1763,1734,1672,1627,1550,1471
6417042539,2042,2042,2005,1978,1998,1967,1975,1976,2032,1888,1867
7485648398,2507,2507,2336,2253,2220,2134,2129,1896,1665,1200,680
5218709564,2107,2107,2050,2074,2047,2061,2027,1904,1701,1579,1224
9776013634,2209,2195,2051,2069,2111,2085,2079,2200,2179,2209,2153
7987688791,2367,2285,2367,2303,2344,2291,2322,2277,2315,2299,2259
5895029535,2297,2297,2168,2222,2216,2185,2074,2145,2183,2180,2131
9232990385,2113,2100,2113,2072,1882,1653,1394,1477,1565,1489,1525
1674480276,2353,2353,2328,2288,2193,1990,1754,1300,744,,
8679495485,2118,2102,2063,2111,1987,2060,2019,1908,1947,1928,1995
5781236672,1257,1257,1187,1155,1121,1190,1153,1112,1080,1089,1042
3939725093,2124,2065,2004,2005,2075,2075,2124,2060,1998,1922,1897
6357509118,2143,2143,1993,1865,1666,1262,877,,,,
3718717178,1979,1979,1855,1941,1876,1796,1875,1871,1898,1813,1671
1845098241,2782,2460,2622,2633,2671,2744,2731,2690,2782,2704,2623
9744157691,2276,2086,2078,1929,2129,2184,2198,2136,2180,2225,2236
1808278097,2090,2069,2090,2083,1980,2006,1984,1929,1914,1895,1859
7978736617,2068,2068,2018,1878,1868,1926,1879,1996,1951,1909,1833
6785466846,2027,2027,1932,1946,1945,1969,1968,1913,1892,1855,1879
1593973985,2035,2035,1902,1871,1949,1981,1894,1888,1932,1957,1874
9439514084,2302,2122,2162,2209,2129,2074,2091,2098,2130,2171,2097
1488870977,2257,2144,2070,2146,2090,2113,2125,2182,2077,2152,2257
3518486357,2353,2297,2330,2353,2272,2147,2115,2026,1888,1935,2051
2864515723,2284,2129,2056,2090,2109,2116,1972,2085,2148,2168,2148
7215463296,2012,2012,1673,1220,730,,,,,,
1844796601,2960,2540,2528,2438,2442,2512,2559,2573,2600,2617,2633
4070926121,2163,2087,2163,2080,2005,2024,1960,1907,2043,2029,1868
2895694475,2382,2152,2169,2167,2086,2154,2066,2135,2214,2220,2265
9707277091,2115,2115,1999,2045,1990,2115,2043,2048,1904,1840,1726
9843860904,2132,2132,2005,2010,1974,1887,1815,1831,1785,1772,1788
8394791123,2126,2126,2008,2055,2006,1996,2024,1942,1901,1867,1784
8447400530,2939,2600,2718,2781,2825,2782,2888,2860,2884,2917,2939
1910406758,2276,2220,2276,2191,2149,2088,2139,2116,2136,2157,2178
6934166613,2414,2414,2331,2348,2381,2297,2226,2115,2113,2039,2021
2895010293,2168,2154,2048,2094,2026,1996,2101,1967,1939,2007,2008
2037952863,2611,2611,2291,2246,2062,1827,1687,1618,,,
1072463194,2082,2007,1985,1997,2035,2042,2082,2078,2038,2050,2004
5413131043,2228,2228,2218,2166,1965,2004,2059,2079,2074,1939,1897
9927876750,2095,2043,2036,2050,2039,2029,1976,2001,2071,2095,2077
1924942605,2109,2109,1994,1920,1813,1763,1654,1691,1680,1863,1893
7299123095,2401,2133,2140,2381,2370,2283,2212,2116,2205,2252,2184
4287275932,2187,2117,2124,2072,1979,2011,2016,2030,1979,1990,1968
1401336303,2015,2015,1934,1953,1855,1913,1953,1905,1844,1953,1895
3976376587,1993,1993,1887,1852,1842,1848,1798,1768,1675,1579,1300
6844548910,2330,2233,2164,2189,2187,2160,2316,2178,2177,2179,2220
3534339172,2150,2150,2146,2093,2078,1987,1740,1451,1064,525,
3480476392,2226,2187,2166,2081,2144,2154,2201,2226,2211,2215,2109
5212893521,2141,2141,2020,1982,1932,1874,1851,1744,1702,1517,1302
3638142178,2182,2182,1896,1462,863,,,,,,
8135278562,2401,2314,2401,2282,2133,2077,2007,1956,1996,1813,1865
5178085000,2338,2140,2228,2184,2184,2235,2241,2338,2278,2200,2235
5879281185,2158,2091,1917,1947,2158,2059,2031,1980,2031,2073,1922
4800282319,2091,2091,1889,1951,1700,1560,1446,1039,474,,
6974639384,2232,2232,2188,2156,2144,2180,2144,2124,2062,2096,1996
9682355857,2808,2773,2772,2808,2778,2651,2622,2636,2750,2641,2713
5415726476,2211,2186,2211,2128,2133,2080,2022,2058,1921,1987,1881
4657512265,2075,2075,2010,1852,1552,1068,621,,,,
7024020223,3011,2973,2964,3011,2921,2927,2844,2715,2655,2661,2666
2756178008,2561,2561,2463,2386,2305,2245,2221,2119,2167,2155,2186
3002281529,2345,2345,2325,2250,2187,2223,2038,1780,1564,1250,720
6555671369,2243,2243,2185,2146,2146,2086,2037,1971,1920,1915,1947
2754603507,2597,2475,2541,2564,2597,2538,2422,2418,2542,2481,2441
1010142703,2191,2191,2147,2148,2084,2010,1890,1911,1870,1893,1865
1298353024,2109,2109,2037,2039,1914,1932,1826,1852,1796,1850,1804
2543619288,2220,2195,2178,2102,2064,2039,2144,2220,2114,2086,2175
9540414092,2377,2327,2377,2105,2030,1812,1941,1796,1828,1804,1674
9175848045,2754,2669,2563,2527,2551,2549,2576,2608,2754,2731,2696
2865896685,2244,1999,2049,2062,2083,2087,2035,2110,2172,2112,2185
6476466276,2157,2024,2059,1979,2092,2022,2034,2122,2051,2133,2086
8379052933,2198,2177,2044,2198,2159,2158,1992,2053,2060,2117,1987
8182031399,2029,1980,1944,2025,2029,2026,2000,1961,1845,1938,1996
2579310092,2527,2515,2527,2437,2437,2362,2311,2264,2317,2359,2378
2203547926,2630,2577,2582,2587,2447,2340,2378,2459,2552,2630,2617
4229876444,2532,2419,2467,2428,2476,2496,2515,2532,2487,2482,2420
2196717480,1992,1992,1915,1871,1803,1791,1763,1779,1791,1764,1714
1375881344,2705,2630,2569,2641,2705,2675,2574,2420,2389,2406,2488
8292168674,2177,2076,1964,1927,1909,2082,2107,2123,2064,2090,2170
7291701040,2386,2297,2382,2341,2386,2242,2313,2253,2275,2122,1786
6606489992,2767,2767,2684,2719,2623,2606,2612,2499,2400,2333,2317
5294550866,2228,2228,2124,2044,2020,2104,2047,1854,1556,1372,1090
9212279934,2204,2113,2158,2204,2090,2159,2064,1929,1868,1931,1867
1033288476,2226,2226,1980,1466,917,,,,,,
9937599782,2165,1983,1837,1995,2072,2108,2165,2118,2126,1819,1273
2652108141,2269,2269,2261,2213,2196,2087,2180,2094,2047,1937,1807
5509407315,2360,2340,2279,2303,2290,2360,2252,2140,2092,2127,2016
4174271431,2103,2103,1809,1374,808,,,,,,
5538822617,2480,2480,2409,2379,2275,2254,2266,2171,2112,2068,1998
8476779894,2621,2621,2467,2489,2430,2327,2281,2261,2017,2012,1673
4072030900,2296,2296,2232,2054,2049,2003,1851,1663,1457,1121,606
3436279067,1996,1996,1893,1883,1849,1841,1812,1798,1770,1791,1760
5984122305,2223,2157,2223,2195,2072,2012,2011,1883,1988,1778,1726
6561095065,2157,2157,1992,1983,1890,1875,1854,1876,1915,1905,1844
4758074108,2041,1980,2001,1992,2007,1841,1800,1809,1751,1821,1988
9097763482,2035,2003,2035,2024,1967,1828,1836,1757,1373,1020,639
1434978705,2037,2012,1932,1951,2037,2019,1971,1949,1909,1789,1521
6313487720,2160,2160,2120,1960,1892,1979,1842,1848,1897,1854,1883
8779445013,2107,2107,2067,1971,1984,1857,1759,1748,1900,1704,1549
4822885682,2336,2151,2085,2139,2076,2086,2157,2151,2140,2206,2072
9063304343,2310,2310,2106,2104,2199,2126,2118,2061,2207,2073,1986
4202511495,2471,2471,2409,2350,2298,2301,2197,2077,2055,2017,2177
1967846288,2171,2171,1893,1491,1007,,,,,,
3673201824,2421,2421,2358,2317,2344,2365,2314,2188,2015,1896,1849
2592697780,2475,2475,2226,2086,2024,1986,2039,1941,1740,1648,1601
6677653313,2068,1995,2049,2061,1865,1928,1955,2012,2036,1969,1894
2103898350,2354,2354,2311,2249,2172,2193,2225,2229,2168,2102,2167
7196210543,2330,1979,1949,2028,2330,2293,2081,1866,1815,1475,1483
5452028984,2610,2610,2489,2429,2420,2497,2504,2427,2502,2469,2418
4529752438,1978,1978,1774,1610,1253,989,712,,,,
2306325098,1440,1357,1440,1430,1411,1362,1335,1357,1337,1302,1293
8362912937,1976,1976,1958,1886,1843,1799,1783,1746,1797,1752,1788
5194231479,2455,2455,2381,2317,2318,2379,2272,2069,1821,1351,747
5763819386,2264,2125,2185,2264,2134,2086,2015,2026,1944,1927,1983
6105788901,2702,2702,2381,2290,2293,2159,2220,2220,2176,2141,2112
5481486117,2012,2012,2005,1967,1863,1894,1894,1830,1842,1912,1814
5137606078,2164,2164,1920,1719,1300,780,,,,,
6301130024,2251,2155,2217,2251,2191,2204,2223,2179,2031,2110,2059
6383717450,2473,2473,2330,2256,2339,2304,2245,2341,2150,2195,2174
1184069233,2090,2022,2090,1960,1941,1882,1881,1876,1929,2025,1883
3630847641,2362,2235,2209,2133,2085,2071,2111,2163,2175,2248,2300
4677238204,2450,2142,2224,2153,2179,2220,2205,2269,2296,2216,2312
7039391636,2136,2106,2098,2104,2136,2079,2049,2074,1974,1971,1955
7112376850,2102,2102,1930,1814,1739,1523,1215,666,,,
5139163589,2345,2340,2297,2345,2311,2169,2235,2207,2219,2216,2136
7878475614,2305,2204,2305,2211,2274,2241,2242,2217,2145,2040,2128
8276673911,2161,2053,2161,2026,1984,1876,1870,1866,1820,1881,1822
6867236678,1981,1981,1866,1886,1811,1805,1844,1710,1640,1677,1757
7707992174,2071,2042,2029,2049,2071,2025,2045,2020,1972,1903,1877
6185721844,2440,2252,2264,2269,2343,2350,2246,2262,2276,2252,2227
8969051974,3076,3076,2994,2853,2898,2867,2863,2962,2937,2984,2958
6453094096,2849,2501,2496,2463,2455,2481,2542,2566,2560,2564,2581
3709897503,2183,2183,2076,2088,1972,1903,1983,2029,1939,1973,1916
3348364058,2207,2207,2135,2048,1934,1753,1735,1696,1711,1717,1800
2743386020,2169,2144,2126,1973,1992,1918,2042,2131,2156,2098,2156
3550499201,2213,2213,2031,1991,1928,1902,1896,1861,1858,1639,1502
5571088021,2138,2135,2138,2106,2003,1951,1900,1906,1831,1725,1542
2327803075,2177,2177,2022,1960,1970,1941,1985,1969,1980,2006,2004
6439636796,2107,2107,2092,2065,2080,2062,2055,2039,1967,1941,1954
4869120531,1987,1987,1873,1932,1815,1770,1786,1770,1742,1822,1807
5122225521,2011,2011,1951,1850,1901,1843,1701,1879,1850,1852,1716
6907386644,2478,2478,2433,2462,2384,2394,2463,2387,2394,2254,2297
6002897344,2127,2118,2127,2070,1959,1925,1984,2045,1952,1976,2083
7605390616,2281,2281,2091,2104,2121,2162,2195,2126,2108,2115,2134
8964883855,2592,2592,2497,2398,2413,2485,2388,2403,2413,2567,2542
3584992574,2325,2168,2284,2325,2278,2265,2308,2275,2243,2200,2173
3389049178,2120,2120,2032,1941,1944,1951,1957,1879,1858,1914,1793
3400905081,2273,2201,2273,2055,1848,1699,1302,809,,,
4201243953,2419,2211,2174,2286,2130,2107,2134,2250,2317,2316,2376
7577109927,2782,2782,2652,2551,2540,2445,2504,2654,2697,2646,2508
7448385137,2464,2289,2224,2280,2290,2322,2391,2400,2400,2343,2288
9423467153,2079,2079,2009,1997,1921,1885,1805,1813,1824,1750,1741
4752849492,2031,2031,1893,1640,1263,675,,,,,
5012504877,2237,2237,2009,1878,1701,1298,757,,,,
8186317297,2242,2242,2238,2181,2012,1808,1466,1189,601,,
3132933260,2768,2436,2440,2507,2449,2448,2466,2441,2614,2661,2527
1785303707,2111,2077,2032,2052,2111,2042,1989,1992,1915,1988,1956
7245884921,2394,2281,2207,2126,2096,2164,2177,2167,2159,2234,2229
3761324724,2163,2144,2106,2147,2163,1940,1915,1933,1950,1989,1973
4695629184,2177,2114,2177,2064,2023,1736,1753,1442,925,453,
7742632669,2126,2075,2032,1972,1986,1998,1993,1959,1927,1954,2126
2677471385,3597,3261,3192,3227,3296,3281,3333,3134,3203,3113,3158
7948667971,2634,2331,2294,2313,2325,2325,2302,2366,2440,2413,2503
7296726126,2280,2230,2013,2116,2172,2254,2213,2280,2236,2257,2205
9260813387,2883,2883,2741,2814,2716,2655,2759,2646,2513,2376,2504
4948155680,2138,2138,2069,2072,1960,1964,2037,2019,1967,1963,1969
8630323225,2040,2040,1943,1778,1658,1683,1820,1756,1802,1756,1873
5002048240,2147,2147,2002,1719,1358,812,,,,,
9917278267,2418,2314,2418,2394,2168,2226,2063,2143,2183,2298,2286
5566631653,2728,2728,2701,2677,2561,2398,2242,2261,2214,2158,2067
4247597150,2292,2292,2278,2231,2259,2210,2091,2096,2007,1952,1903
2688550336,2197,2197,2150,2065,2035,2032,1973,2021,1948,1914,2115
6288914300,2292,2292,2203,2267,2235,2212,2241,2156,2089,1962,2096
2952231284,2220,2220,2181,2132,2002,1803,1623,1503,1217,741,
9493886775,2353,2308,2353,2316,2338,2333,2291,2343,2255,2236,2182
3034533522,2495,2495,2373,2461,2457,2462,2368,2446,2350,2268,2309
3968933089,2465,2185,2270,2229,2224,2280,2298,2281,2252,2300,2350
2988719586,2109,2109,2094,2083,1985,1980,2030,2012,1888,1940,1999
6236235253,1982,1982,1898,1879,1723,1795,1408,1285,1381,1513,1247
9734380391,2142,2032,2057,2047,1857,1996,2142,2010,2117,2079,2033
7895308412,2195,2195,2097,2041,1980,1848,1791,1540,1414,1181,741
5774088786,2332,2313,2258,2229,2189,2029,2113,2058,2142,2176,2137
9715986468,2119,2119,1944,1873,1544,1154,519,,,,
9473337348,2210,2210,2146,2140,2158,2070,2025,2001,1959,1903,1935
6990606866,2172,2115,2062,2130,2105,2172,1994,2055,2072,2022,2004
3386521799,2241,2186,2157,2162,2126,2094,2099,2171,2241,2163,2052
8467018355,2120,1981,2064,2052,1977,1992,2082,1961,1939,2020,1970
8808453713,2184,2024,1973,2170,2184,2133,2095,2086,2162,2164,2158
7291814062,2892,2442,2409,2450,2522,2523,2436,2376,2442,2455,2515
8931151342,2131,2131,1867,1552,1225,730,,,,,
4456289903,2557,2504,2552,2557,2419,2338,2380,2234,2123,2163,2230
9288131280,1987,1981,1935,1892,1915,1868,1828,1987,1963,1935,1943
9600911865,2054,2054,1999,1889,1816,1865,1756,1787,1853,1799,1812
4260627702,2520,2293,2376,2356,2467,2362,2391,2409,2392,2398,2422
2085910879,2062,2018,1996,2062,2024,1950,1957,1941,1982,1954,1909
6102948584,2871,2871,2786,2694,2476,2320,2119,1946,1733,1388,752
7778359590,2120,2120,2037,2111,2101,1915,1911,1720,1472,1065,575
1619655087,2786,2676,2752,2786,2775,2725,2481,2430,2333,2335,2181
7736187212,2190,2190,2159,2165,2179,2141,2040,1961,1957,1886,1827
6803691435,2298,2213,2235,2298,2024,1950,1878,1920,1990,1808,1740
9923581723,2146,2146,2035,2004,1889,1662,1283,794,,,
5255626624,2277,2058,2105,2179,2135,2001,2016,2084,2112,2138,2219
6069602718,1993,1993,1861,1854,1716,1723,1712,1646,1292,1018,578
8854430143,2555,2555,2536,2371,2288,2193,2193,2133,2162,2115,2099
7490635632,2018,2018,1960,1936,1902,1892,1841,1848,1731,1645,1562
4146574323,3213,2967,2919,2942,2946,2997,2897,2997,2917,2939,2835
4661991786,2004,2004,1919,1876,1876,1897,1944,1920,1773,1740,1720
5004416079,2190,2123,2187,2150,2158,2176,2190,2142,2075,2034,1929
7486479526,2301,2301,2126,2061,1915,1747,1613,1201,682,,
6940854877,2306,2296,2306,2277,2140,2204,2032,2008,1949,2045,1991
7457569091,2102,2030,2041,2021,2003,2019,2052,2070,2088,2062,1936
4544469300,2364,2327,2319,2256,2192,2220,2364,2331,2331,2082,1807
7992152686,2488,2457,2469,2300,2397,2488,2295,2310,2355,2406,2293
1301829368,2289,2289,2166,2159,2069,2113,2082,2146,2111,1962,2024
6098893556,1992,1992,1977,1941,1992,1914,1689,1732,1642,1745,1712
2089550081,2029,2008,1928,1806,1773,1957,1942,1945,1904,2029,1925
9066771349,1994,1994,1929,1851,1810,1862,1919,1830,1826,1748,1754
5655742102,2466,2435,2466,2400,2354,2315,2348,2281,2222,2196,2287
4007354927,2416,2281,2279,2363,2350,2387,2416,2300,2304,2292,2305
2991819843,2034,2034,1848,1419,883,,,,,,
1049300851,3213,2615,2833,2899,2904,2740,2872,2958,2936,2921,2832
8796491445,2088,2024,2088,1967,1801,1527,1138,724,,,
2773347207,2023,2023,2009,1967,1927,1974,1980,1933,1820,1914,1761
7036667695,2336,2045,2055,2094,2055,2058,2095,2111,2190,2162,2167
7122530385,2328,2328,2225,2154,2175,2114,1912,1766,1462,867,
1118518774,2063,2063,1982,1967,2004,1963,1866,1786,1734,1716,1595
1531616892,3200,3018,3002,3007,2938,2887,2956,2966,2873,3118,3200
2641606697,2473,2473,2438,2440,2359,2273,2171,2132,1896,1711,1521
8624232524,2425,2425,2368,2171,2164,2147,2384,2326,2340,2295,2266
8029853731,1977,1977,1914,1701,1450,1272,829,,,,
8556783663,2391,2007,2068,2216,2154,2115,2148,2135,2210,2063,2065
1625009091,2105,2105,2008,1934,1616,1192,706,,,,
4513149583,2136,2014,2033,2120,2119,2114,2136,2094,1991,1952,1933
2600714833,2521,2499,2521,2457,2381,2405,2346,2286,2348,2397,2312
6613525083,2539,2499,2537,2539,2433,2335,2281,2164,2141,2087,2143
8636242470,2212,2156,2212,2192,2145,2177,2142,2046,2083,2037,1984
5637341921,2256,2079,2014,1957,2145,2169,2026,2038,2095,2114,2075
6851891340,2113,2113,2020,2077,2005,2011,2047,2046,1963,1973,2050
4322932261,2356,2181,2097,2177,2088,2171,2235,2116,2121,2069,2170
8995054282,2186,2183,2075,2105,2138,2186,2120,2062,2016,1990,2043
7859052300,2187,2171,2161,2187,2158,2148,2175,2145,2117,2085,2010
2213682537,2580,2419,2580,2426,2378,2334,2366,2304,2390,2309,2278
2144936032,2140,2140,2090,2026,1897,1794,1464,1035,725,473,
7857424900,2975,2904,2881,2975,2846,2759,2725,2691,2556,2471,2502
5938435194,2315,2315,2238,2173,2137,2064,1991,1917,2000,2019,2002
6058338974,2147,2102,1990,2055,1990,2016,1946,1988,1883,1835,1793
3792366015,2654,2393,2427,2495,2394,2357,2443,2494,2493,2553,2559
7954654104,2754,2679,2730,2671,2739,2675,2727,2754,2715,2730,2678
3914439542,2071,2063,2008,1985,1982,1982,2016,1934,1904,1985,1898
3217410907,2418,2418,2346,2217,2182,2274,2159,2168,2161,2221,2211
7939113049,2054,2047,1905,2034,2054,1984,1986,1996,1794,1646,1599
2351192737,2398,2353,2319,2267,2255,2174,2275,2306,2353,2280,2188
9812373706,2182,2129,2061,1986,1956,2066,2063,2065,2179,2152,2028
1421769898,2348,2340,2348,2148,1896,1554,1280,775,,,
6013854919,2335,2335,2309,2325,2305,2290,2200,2286,2125,2155,2095
4425591569,2125,2102,2061,2123,2075,2052,2037,2049,2125,2056,1985
3997442749,2384,2341,2384,2341,2303,2265,2103,1875,1661,,
9390547406,2402,2097,2237,2273,2303,2289,2319,2295,2231,2320,2260
1082749902,2487,2461,2480,2487,2426,2381,2442,2421,2412,2399,2452
7429773644,2737,2737,2574,2543,2517,2437,2533,2514,2471,2464,2433
8118816079,2212,2212,2143,2032,2102,2081,1990,1983,1913,1797,1602
2255659421,2190,2190,2094,1931,1779,1952,2030,1962,1879,1841,1959
1167026188,2037,2010,2037,1915,1889,1761,1735,1644,1618,1641,1561
8413134433,2130,1990,1981,1945,1956,2007,2102,2130,2125,2069,1998
6889883217,2219,2219,2120,2034,1768,1380,890,,,,
3055249458,2477,2364,2349,2358,2477,2296,2192,2250,2352,2304,2368
5276451737,2207,2073,2039,1986,1971,1982,1918,1979,1934,1859,1748
2811212735,2421,2421,2385,2377,2323,2249,2291,2343,2294,2256,2161
7453424436,2017,2012,1863,1867,1736,1980,2017,1886,1939,1926,1864
4192062572,2528,2091,2174,2201,2161,2174,2269,2244,2336,2246,2346
8663337910,2525,2482,2372,2275,2198,2262,2220,2266,2216,2227,2336
8544311425,2155,2063,2152,2139,2112,1975,2155,2150,2067,1974,1935
4539522476,2008,2008,1945,1894,1895,1822,1832,1952,1938,1952,1653
6321536924,1995,1995,1693,1295,683,,,,,,
4059278742,1986,1986,1979,1943,1888,1870,1861,1864,1798,1775,1810
6485395646,2190,2190,2051,2062,2008,1976,1965,1960,1906,1908,1834
8931174870,2357,2357,2341,2272,2263,2266,2220,2102,2134,2161,2136
2745114812,2134,2082,1982,2016,2086,2009,2059,2134,2032,1945,1874
1155025758,2088,2052,2050,1978,2088,2083,2028,2002,2051,2051,2062
1714392061,2460,2397,2387,2322,2315,2305,2262,2229,2136,2164,2169
5393584211,2058,2058,2015,1939,1719,1493,1080,646,,,
7807946050,2220,2134,2153,2199,2145,2170,2201,2220,2153,2104,2031
5761456049,2141,2059,2141,2090,2084,2070,2042,2003,1965,1919,1976
7674782913,2191,2191,2147,2159,1988,1817,1487,1031,615,,
2728503862,2176,2176,2109,2057,2099,1977,2048,2073,2026,1987,1917
6084006766,2416,2416,2368,2367,2385,2369,2356,2265,2264,2134,2145
5449210865,2366,2169,2165,2160,2195,2151,2144,2205,2140,2075,2099
8306999925,2364,2093,2085,2172,2184,2193,2277,2285,2255,2190,2170
2883352661,2111,2111,2033,2102,1981,1930,1897,1785,1797,1710,1802
6524910608,2364,2303,2218,2313,2344,2339,2364,2351,2344,2195,2187
9360249084,2277,2277,2204,2154,2200,2078,1820,1563,1302,1369,1213
7525486836,2559,2559,2510,2483,2535,2524,2446,2302,2135,1777,1352
6799414620,2486,2486,2413,2296,2272,2142,2036,1990,1895,1857,1735
3160302959,2121,2121,2037,2015,1955,1955,1875,1729,1781,1696,1728
4078986195,2285,2285,2248,2071,2074,2103,2186,2200,2238,2259,2126
8498659325,2553,2553,2469,2385,2362,2337,2262,2360,2345,2256,2303
8577243179,2187,2150,2187,1990,1918,1769,1768,1699,1548,1534,1530
5490164629,2195,2116,2001,2174,2112,2195,2071,1952,1850,1789,1925
9239620683,2065,2065,1978,1871,1505,849,,,,,
1896167262,2272,2272,2234,2231,2185,2117,2014,1935,2102,2116,2134
5352818301,2019,2019,1982,1936,1810,1867,1850,1883,1922,1880,1814
3715592585,2330,2111,2130,2183,2211,2138,2218,2183,2330,2255,2262
3162149203,2278,2112,2143,2135,2169,2089,2041,1984,2070,2006,1992
2530603962,2049,2049,1949,1961,1964,1808,1729,1785,1695,1604,1562
4106448045,2879,2537,2531,2551,2598,2504,2471,2578,2629,2618,2540
1729541369,2326,2224,2254,2232,2243,2260,2250,2236,2326,2241,2119
6472427707,2361,2311,2294,2361,2291,2254,2240,2214,2119,2021,2042
9521097805,2330,2301,2330,2326,2194,2180,2228,2169,2212,2096,2061
3569349572,2431,2220,2170,2207,2231,2148,2182,2370,2315,2307,2355
8947314208,2286,2286,2123,1800,1460,860,,,,,
7199108850,2184,2184,2061,1857,1707,1275,738,,,,
1104805783,2061,1992,1984,2061,2010,2052,1975,1842,1855,1835,1775
3107578915,1990,1990,1937,1825,1812,1804,1623,1739,1657,1698,1623
9946619445,2436,2436,2380,2365,2335,2398,2316,2294,2240,2243,2259
8474784285,2106,2106,2070,1997,1966,1966,1854,1929,1937,1973,2014
2687599953,2857,2567,2621,2749,2714,2629,2703,2682,2669,2728,2574
3108172694,2136,2006,2015,2031,2037,2120,2086,2085,1975,2008,2075
4160825038,2033,2033,1805,1581,1224,1341,1176,1149,1120,1019,1026
6264768286,2361,2361,2275,2250,2192,2122,1923,2039,1839,1740,1575
6958945164,2499,2499,2373,2373,2352,2257,2154,2172,2279,2124,2108
9324729503,2143,2143,2068,2083,1972,1960,2034,1954,1754,1762,1682
6172819223,2156,2153,2097,2156,2085,2008,1985,1958,1909,1876,1936
5136090187,2137,2094,2137,2130,1870,1506,850,,,,
1282895706,2172,2116,2170,2127,2157,2136,2172,2130,2030,1965,1926
2401258065,2247,2167,2241,2247,2178,2166,2109,2201,2213,2145,2116
5350983560,2021,1991,1986,2021,1983,1963,1848,1569,,,
8950366208,2099,2099,2089,2090,2078,2018,1923,1877,1920,1893,1927
3505893197,2211,1989,1943,1908,1870,2036,2033,2044,2046,1895,1829
5500775076,2630,2486,2591,2591,2605,2574,2559,2630,2624,2597,2487
3437216748,2091,2000,2091,2080,2081,2063,1926,1920,1915,1945,1924
5378985628,2116,2116,2000,1872,1845,1925,1896,1906,1882,1930,1898
3084388786,2146,2120,2126,2103,2146,2102,2011,2034,2042,2071,2015
8183088217,2944,2717,2755,2715,2838,2806,2741,2822,2804,2863,2853
5094016475,2103,2091,1948,2003,2103,1963,1859,1877,1843,1730,1728
8727340274,2072,2072,1854,1560,1297,1451,1446,1473,1457,1486,1444
2870333319,2376,2328,2279,2341,2376,2279,2217,2213,2086,1987,2042
4852406131,2334,2334,2173,2076,1942,1676,1266,646,,,
9421940487,2331,2284,2331,2277,2244,2248,2233,2195,2157,2173,2137
4331043628,2156,2156,2038,2071,2011,2108,2106,2151,2056,2070,2028
3067385353,2455,2426,2455,2348,2240,2268,2232,1958,1963,1908,1905
1282497695,2108,2021,2108,2091,1874,1783,1932,2024,1942,1992,2058
7023345191,2031,1977,1967,1894,1999,2031,2031,1831,1908,1746,1659
4283864254,2057,2057,1844,1697,1666,1723,1719,1713,1709,1652,1625
3659485782,2024,2009,1952,1985,1961,1991,1852,1773,1722,1736,1696
2308370740,2354,2305,2314,2354,2096,1822,1322,810,,,
5306242753,2113,2113,1973,1917,1984,1881,1724,1862,1908,1943,1986
4445146591,3235,2821,2735,2900,2770,2738,2824,2918,2815,2862,2928
2261330784,2436,2398,2371,2436,2303,2345,2294,2186,2240,2173,2269
9592417672,2319,2319,2285,2212,2179,2206,2099,2111,2065,2046,2132
3809796794,2318,2279,2249,2279,2271,2249,2186,2179,2081,2062,2109
5895155767,2338,2224,2338,2261,2189,2217,2219,2189,2123,2159,2135
5905720958,2281,2201,2187,2281,2092,2088,2067,2159,2267,2230,2227
2964631713,2264,2121,2103,1948,2184,2150,2130,2235,2095,2170,2115
9030437692,2074,2074,1806,1408,878,,,,,,
3082813110,2069,2069,2006,1838,1815,1860,1740,1872,1935,1898,1869
2038877289,2111,2111,2026,1979,1852,1744,1660,1597,1500,1423,1512
2728305314,2097,1994,1960,2000,2049,1951,1965,2097,2038,1954,1889
4098461601,2231,2231,2023,1972,1883,1706,1389,1099,717,,
7017142042,2142,2142,2061,2068,1969,1908,1891,1805,1794,1877,1773
4416635737,2213,2213,1962,1654,1216,844,,,,,
5814459019,2265,2232,2064,2135,2093,2139,2132,2103,2147,2265,2155
5505686374,2146,2146,2088,2085,2064,2046,2093,2118,2003,2034,1974
9242498694,2579,2341,2258,2310,2433,2308,2328,2355,2335,2292,2339
6507816177,2148,2148,1945,1923,1995,1964,1990,1948,1905,1944,1761
6477516777,2292,2141,2169,2201,2202,2256,2210,2124,2208,2261,2261
3644328449,2264,2255,2264,2154,2036,2133,2148,2234,2244,2209,2169
8406175131,2109,2109,2059,1995,1870,2018,1903,1754,1731,1742,1974
1241692393,2137,2137,2029,1831,1858,1856,1909,1985,1869,1750,1722
7426321682,2148,2040,1973,2009,2148,2038,2029,1939,1648,1628,1517
4324020812,2201,2201,1950,1963,1843,1987,2003,1928,1893,1927,2009
6914594513,2284,2109,2037,2005,2052,1972,1987,2050,2091,2078,2046
8450241584,2512,2478,2435,2460,2512,2382,2339,2349,2386,2405,2429
6350975450,2058,2058,1969,1932,1936,1747,1707,1508,1196,963,555
3680457777,1988,1988,1864,1816,1642,1527,1224,1182,948,516,
4353104868,2298,2247,2248,2298,2262,2224,2253,2154,2248,2256,2146
8260803617,2132,2132,2065,2064,2049,2032,1976,1898,1966,2060,2080
3598620465,2129,2129,2111,2083,2022,1960,1852,1828,1889,1804,1928
6047517267,2481,2254,2223,2325,2481,2319,2215,2260,2324,2203,2300
3880853742,2009,2009,1972,1860,1868,1897,1915,1615,1506,1272,884
1634454439,2238,2238,2179,2119,2087,1911,1817,1835,1913,1963,1996
7273437386,2662,2633,2662,2606,2566,2540,2477,2594,2610,2618,2645
9236646572,2171,2106,2042,2068,2047,2077,2119,2171,2014,1993,1949
4678097544,1993,1993,1949,1837,1848,1803,1843,1678,1669,1678,1585
9201849875,2192,2192,2078,1922,1882,1641,1348,968,388,,
7091477471,2292,2288,2248,2156,2162,2165,2222,2292,2276,2269,2065
3488837125,2232,2139,2201,2232,2153,2119,1971,1986,2088,2107,2144
7651107673,2151,2104,2061,2027,1988,1915,1970,1931,2025,2085,2096
5221284769,2044,2044,1752,1347,778,,,,,,
8740061484,2513,2406,2370,2338,2332,2320,2348,2341,2328,2306,2271
7963549354,2212,2080,1974,2175,2082,2123,2134,2134,2189,2159,2210
7809545343,3181,2911,2915,2939,2994,2909,2966,3020,3033,2959,2803
6490410856,2527,2212,2249,2216,2264,2326,2390,2355,2427,2324,2471
9437896309,2366,2260,2366,2316,2339,2294,2345,2198,2234,2148,2108
6912473399,2173,2162,2172,2146,2140,2077,2045,2115,2061,2037,2055
3780724251,2575,2234,2288,2388,2452,2449,2404,2422,2456,2441,2450
7135857451,2192,2192,2077,1977,2087,1968,1853,1821,1766,1787,1705
8450588959,2084,2084,1990,1963,1911,1818,1802,1790,1775,1787,1775
6645579666,2308,2091,2041,2144,1990,1846,2060,2085,2066,2178,2306
4838791729,2423,2095,2131,1981,2043,2001,2093,2071,2173,2141,2139
1528153743,2199,2015,1979,1992,1997,2084,2116,2144,2199,2197,2019
7116967401,2702,2209,2225,2228,2239,2302,2375,2413,2363,2321,2377
2886924642,2082,2010,2082,1993,1884,1953,2003,2010,1921,1855,1824
6318887711,2640,2577,2640,2585,2627,2514,2532,2576,2567,2475,2465
3368002007,2158,2158,2049,1956,1933,1846,1791,1625,1160,690,
5746117075,2529,2529,2477,2440,2327,2325,2243,2219,2121,2165,2256
3413820502,2997,2671,2784,2764,2730,2778,2824,2774,2882,2902,2886
5241937201,2634,2377,2293,2257,2137,2249,2332,2401,2346,2297,2269
8134993069,2134,2047,2134,2017,1973,2075,2014,2032,2055,2015,1855
7114722723,2440,2331,2389,2440,2277,2241,2226,2208,2233,2096,1944
7855277805,2337,2234,2290,2337,2266,2170,2064,2000,2035,2015,2037
5835499148,3038,2616,2666,2693,2693,2854,2689,2698,2666,2735,2735
8716025749,2118,2078,1928,1928,2011,1923,1930,2045,2118,2050,1953
6631148928,1992,1981,1826,1827,1802,1774,1827,1839,1928,1788,1754
7065176284,2207,2207,2035,2043,2138,2100,1834,1838,1779,1731,1848
3229029032,2202,2125,2143,2130,2202,2189,2172,2099,2058,2051,2009
2610341101,2494,2355,2494,2366,2332,2055,1789,1644,1332,768,
7779098552,2723,2723,2657,2526,2472,2386,2360,2370,2422,2335,2230
6774597813,2361,2236,2166,2192,2171,2101,2128,2208,2010,2047,2030
8394774811,2121,2121,1947,1948,1897,1932,1890,1932,1996,1925,1788
3502496023,2931,2692,2696,2792,2853,2835,2860,2847,2859,2788,2711
8075911896,2470,2455,2470,2428,2400,2336,2202,2264,2215,2045,2110
4282124480,2251,2251,2245,2218,2185,1916,1686,1165,678,,
1259728044,2226,2197,2180,2184,2011,2059,2187,2107,2131,2096,2052
6113113935,2312,2312,2279,2218,2154,2241,2066,2116,2124,2100,2113
6098364808,2362,2015,2125,2087,2033,1997,2039,2081,2072,2020,1922
7614489961,2699,2518,2699,2659,2678,2588,2579,2543,2616,2558,2537
5389354844,2336,2336,2335,2288,2276,2289,2191,2216,2234,2150,2088
6384657895,2460,2350,2453,2408,2418,2460,2447,2336,2268,2213,2130
7159404601,2153,2120,2153,2109,2142,2048,1966,2011,2086,1993,1912
3088824525,2103,2103,2017,2017,2016,1954,1940,1867,1940,1764,1763
9234674310,1997,1997,1936,1872,1754,1672,1712,1808,1825,1813,1757
9116071188,2500,2267,2351,2354,2413,2251,2310,2424,2451,2386,2401
6148726684,2771,2233,2230,2260,2373,2495,2525,2635,2670,2667,2631
7093018308,2176,2120,2027,2019,2100,2107,2176,2173,2141,2042,1976
3344530302,2026,2026,1861,1812,1584,1145,746,,,,
1911670194,2818,2661,2666,2653,2497,2602,2652,2624,2650,2721,2607
3366243918,1993,1993,1968,1905,1823,1838,1797,1808,1696,1687,1697
5366350778,2235,2047,1985,1975,2061,2044,2155,2178,2058,2046,2105
1848997945,2403,2403,2304,2372,2368,2286,2296,2360,2343,2365,2352
2070175810,2326,2277,2285,2211,2194,2216,2263,2224,2201,2260,2224
2517026963,2113,2032,2077,2060,2106,2113,2032,2019,1982,1919,2014
6061911373,2260,2134,2187,2200,2142,2208,2260,2224,2125,2079,2170
4283620427,2102,2102,2085,2020,2015,1971,1871,1817,1805,1792,1832
5769247328,2313,2313,2208,2104,2118,2123,2199,2067,2124,1812,1780
4070703457,2146,2109,2096,2103,2115,2146,2059,1788,1627,1395,990
2835383139,2195,2069,2084,1983,2149,2156,2195,2172,2179,2163,2044
8967830567,2229,2152,2229,2055,1911,1979,2038,1997,1950,2013,1932
2329955760,2174,2132,2168,2132,2128,2174,2074,1973,2001,1823,1694
6934227063,2167,2167,2070,2086,2046,1968,1941,2013,1958,1795,1787
4923228082,2139,2139,2124,2067,2064,2035,1940,1932,1917,1985,1881
5225115059,2171,2010,2053,2050,2079,2027,1972,2048,2082,1924,2032
6685965827,2102,1984,1988,1982,2005,2082,1977,1916,1908,2042,1947
7399529395,2302,2302,2018,1824,1596,1667,1664,1773,1681,1339,1519
1577290384,3084,3060,2980,3084,2882,2836,2888,2876,2920,2796,2879
4117463125,2160,2160,2080,2047,2065,1999,1958,2146,2134,1891,1837
3099871056,2240,2240,2139,2040,1955,1832,1804,1512,1183,621,
3770334067,2359,2210,2301,2359,2306,2201,2213,2196,2264,2231,2191
7419071315,2351,2289,2302,2281,2112,2175,2197,2158,2184,2210,2255
4873961803,2214,2214,2095,2032,1991,2030,2049,1987,1896,1895,1755
9251496342,2318,2213,2204,2318,2246,2307,2204,2237,2234,2169,2259
7823322542,2217,2175,2113,2217,2183,2156,2183,2120,2072,2046,2112
8188371053,2254,2143,2254,2170,2185,2083,2105,2073,1982,2057,1966
9754701416,2122,2085,1995,1940,1978,1879,1908,1806,1921,1811,1780
4539657549,2008,2008,1906,1711,1774,1495,1140,724,,,
7228580165,2550,2467,2381,2333,2366,2345,2387,2371,2386,2365,2232
9387991362,2224,2022,1961,1910,1898,1983,2025,1972,1874,1839,1966
9143307365,2185,2111,2088,2104,2185,2074,1991,2001,1781,1541,1382
4473553304,2656,2267,2568,2636,2631,2656,2468,2376,2355,2466,2429
8203490673,2262,2262,2232,2092,1928,1621,1271,713,,,
7330957496,2127,2127,2107,2057,2065,1854,1719,1502,1290,930,413
8645744385,2607,2116,2008,2073,2191,2229,2271,2266,2359,2249,2198
8748024664,2426,2200,2263,2219,2197,2158,2165,2200,2274,2169,2244
4752257568,2656,2623,2598,2594,2652,2656,2638,2579,2546,2449,2466
7830479600,2327,2112,2174,2119,2144,2071,1965,1958,2086,2172,2261
4482031040,2118,2118,2096,1883,1889,1938,1861,1645,1821,1853,1664
5457928083,2299,2299,2155,2148,2026,1956,2068,2002,1921,1905,1982
9574956203,2018,2018,1972,1944,1933,1829,1796,1830,1800,1736,1821
7171857792,2030,1999,1972,1955,2010,1990,2030,1917,1839,1718,1725
2849015520,2395,2301,2306,2395,2343,2371,2247,2241,2288,2270,2120
7026867612,2318,2065,2224,2058,1919,1864,1924,1971,1990,2052,2068
7636092538,2903,2903,2820,2786,2748,2621,2635,2614,2649,2666,2643
2994135695,2142,2044,2111,2142,2122,2110,2126,2084,1978,1869,1894
8014620376,2206,2206,2077,1996,2081,2128,2175,2134,2096,2125,2082
4768334849,2450,2373,2450,2386,2357,2415,2331,2358,2291,2239,2138
1277606741,2033,2019,1999,1836,1829,2006,1996,1985,2015,2033,1933
7245036490,2045,2045,1915,1678,1455,1061,710,,,,
5871095593,2326,2326,2224,2130,2135,2101,2167,2119,2159,2018,1916
7166414203,2022,2022,1926,1978,1937,1910,1913,1888,1809,1829,1741
1943478726,2199,2038,2066,2122,2143,2153,2171,2199,2144,2127,2164
2231802429,2179,2139,2154,2163,2154,2073,2093,1998,1968,1971,2060
2746693000,1979,1979,1819,1621,1468,980,427,,,,
9184486432,2405,2338,2405,2328,2263,2292,2281,2159,2012,1609,1255
6209136855,1996,1996,1824,1807,1791,1804,1667,1753,1813,1722,1792
3601148460,2225,2225,2019,1991,2065,2136,2155,2095,1947,1943,1929
8080549996,2144,2136,2136,2144,2074,2081,1981,2030,2081,2086,2116
3951322551,2093,1981,1946,2003,1950,1923,1976,1986,2008,2093,2007
4581814258,2215,2215,2162,2157,2152,2116,2059,2140,2022,1922,2063
3277365829,2419,2286,2267,2302,2419,2350,2382,2302,2273,2194,2290
3463468772,2258,1983,2165,2100,2153,2079,2038,1987,2047,2103,2158
6759509321,1982,1982,1845,1705,1794,1567,1587,1563,1430,1233,981
9625271670,2110,2110,2058,1853,1766,1756,1797,1810,1870,1719,1661
9669598245,2191,2191,2190,2089,2171,2145,1997,2053,1976,1916,1833
3134026140,2307,2149,2221,2220,2221,2216,2109,2163,2112,2145,2105
4415710258,2295,2295,1996,2049,2067,2048,2036,2023,2004,2048,1895
5742201067,2192,2013,2042,2138,2089,1950,2110,2192,2032,1926,1922
3075797977,3148,2706,2844,2918,2980,3053,3062,3096,2916,2881,2926
4115400078,3079,3079,2996,2913,2944,2965,2856,2820,2837,2650,2656
3390827750,2207,2108,2202,2207,2086,2132,2042,2043,1995,2090,2095
2539890246,2099,2099,2022,1931,1782,1908,1856,1839,1968,1989,1976
3822270826,2706,2664,2706,2669,2628,2585,2510,2340,2432,2551,2499
1803749910,2101,2101,1976,1940,1901,1893,1967,1977,1944,1901,1742
4487150222,2177,2119,2075,2006,1894,1840,1795,1738,1888,1897,1990
7056061612,2024,2022,2000,2024,2000,1960,2012,1974,1961,1946,1843
2925080689,2185,2185,2037,1944,1768,1414,711,,,,
6287820322,2422,2413,2422,2260,2257,2222,2176,2182,2082,2029,2103
1002900724,2138,2138,2018,2036,2080,1764,1608,1118,800,,
6102925246,2273,2273,2246,2151,2102,2094,2050,1975,2082,2078,2085
2637274479,2087,2087,1779,1544,1159,610,,,,,
5249571213,2235,2235,2169,2072,2044,1808,1480,928,,,
2582585982,2457,2457,2392,2350,2283,2299,2311,2275,2198,2087,2114
4922448882,2716,2674,2716,2612,2574,2396,2395,2416,2413,2350,2373
3126318745,2086,2086,2015,1930,1965,1739,1483,1221,939,542,
4161517302,2057,2036,2057,1984,1905,1849,1729,1616,1676,1813,1834
4950696520,2867,2677,2674,2603,2658,2608,2646,2686,2667,2591,2579
3900439857,2389,2358,2389,2341,2296,2219,2273,2289,2294,2259,2200
9224246920,2491,2491,2244,2147,1949,1834,1620,1548,1475,,
8632700160,2053,2015,2004,1958,1873,1935,2008,2008,1980,2027,2044
6720456247,2212,2212,2071,1975,1934,1926,1869,1869,1763,1739,1793
4131731636,2251,2197,2225,2214,2192,2167,2251,2182,2096,2093,2058
3096114440,2150,1995,1875,1955,1957,2001,2053,2017,2089,2096,2150
5098388970,2142,2142,1989,1651,1232,786,,,,,
2115658167,2237,2218,2237,2119,2084,2122,1874,1755,,,
8509409314,2048,2026,2048,1819,1531,1589,1640,1566,1542,1685,1622
3260056002,2167,2021,2073,1935,1878,1828,1844,1813,1921,1916,1962
5132368420,2206,2157,2006,2038,2120,2069,2206,2175,2060,2155,2151
9699571492,2045,2045,1987,2040,1994,1977,1995,1980,1887,1758,1876
2969016326,2044,2044,1843,1634,1287,758,,,,,
4664337695,2497,2497,2321,2286,2262,2193,2313,2317,2254,2385,2310
9682642400,2184,2129,2184,2143,1867,1452,1048,538,,,
1404080970,2248,2060,2155,2163,2248,2229,2236,2203,2237,2169,2031
2528582595,2247,2116,2165,2247,2120,2223,2218,2210,1970,1874,2010
3152957778,2062,1985,1980,1930,1900,1999,2032,2009,1971,1949,1981
9127397651,2483,2348,2371,2431,2483,2382,2374,2461,2468,2405,2349
5479576076,2519,2314,2519,2431,2401,2277,2376,2356,2385,2308,2282
2143994283,2071,2071,2061,2014,1913,1947,1963,1823,1801,1806,1752
8190252512,2002,2002,1983,1920,1870,1871,1831,1807,1755,1865,1808
1987188348,2228,2212,2180,2149,2116,2228,2174,2178,2065,2087,2000
2254265003,2555,2540,2555,2481,2385,2357,2251,2118,2159,2027,1920
6587196485,2582,2508,2502,2582,2490,2444,2393,2409,2433,2394,2242
5091489011,2412,2187,2230,2263,2211,2230,2212,2220,2282,2278,2318
3505796571,2114,2114,1994,1819,1603,1185,709,,,,
8563830257,2167,2167,2101,2020,1953,1928,1887,1880,1940,1996,1919
5704652238,2685,2390,2300,2436,2427,2367,2341,2234,2280,2249,2220
2889275153,2107,2107,2079,2025,2067,2099,2092,1951,1852,1817,1752
9103881971,2125,2112,2105,2115,2013,1968,2053,2018,2035,2125,2032
6876616466,2447,2447,2285,2364,2309,2306,2176,2200,2175,2123,2176
1240477420,2260,2260,2105,1791,1386,800,,,,,
6904750211,2104,2104,1994,1816,1763,1662,,,,,
9043130008,2214,2055,2048,2029,2078,2135,2214,2167,2161,2089,2096
4180244884,2104,2104,2045,2013,1904,1823,1848,1871,1782,1818,1885
3681056997,2398,2398,2319,2190,2271,2255,2169,1961,1986,1917,1734
7998409750,2031,2031,1961,1933,1911,1825,1902,1875,1842,1695,1777
3924612847,2350,2228,2146,2223,2205,2185,2106,2159,2078,2167,2130
3657244766,2444,2115,2245,2279,2293,2262,2195,2251,2184,2105,2257
1988944132,2120,2120,2034,1936,2080,2057,1959,2029,2058,1896,1755
4799295283,3376,3017,2944,2990,2928,2890,2857,2849,2978,2999,2990
8390072290,1990,1986,1990,1820,1794,1762,1642,1589,1678,1576,1596
6576268972,2373,2373,2268,2219,2147,2003,1749,1325,805,,
1876329314,2128,2128,2070,1853,1728,1419,1118,1155,1256,1403,1564
9850324534,2121,2121,2080,2033,1933,1955,2010,1865,1892,1893,1990
4695774515,2361,2338,2361,2327,2256,2163,1999,1721,1578,1428,1211
3212701241,2292,2292,2075,1762,1723,1488,1341,1035,871,738,463
2920023858,2141,2018,1948,1985,1999,2083,2083,2121,2135,2139,2119
4120756810,2502,2502,2418,2364,2333,2459,2391,2341,2259,2204,2073
7685610677,2173,2173,2169,2122,2107,2122,1912,1988,2049,1846,1916
8773697057,2060,2060,2028,1983,1939,1918,1802,1601,1485,1155,599
8492388620,2322,2138,2076,2168,2165,2208,2116,2186,2176,2171,2174
2511038768,2115,2115,2088,2052,2014,1894,1814,1892,1912,1952,1836
2637221227,2287,2185,2167,2009,1908,1991,2162,2224,2227,2193,2127
8870303496,2279,2163,2151,2054,2279,2134,2122,2145,2171,2077,2166
9680255634,1984,1984,1758,1486,1082,716,,,,,
2995398402,2508,2327,2383,2369,2229,2254,2312,2373,2508,2484,2437
2277228284,2041,2040,2021,1964,2041,1839,1685,1493,1327,1043,873
5568463249,2219,2219,2113,1894,1827,1861,1876,1543,1083,780,499
8107936998,2936,2936,2860,2889,2885,2861,2769,2760,2761,2730,2666
7136721341,2180,2073,2060,2165,2120,2116,2160,2180,2046,2020,2030
2871127208,2667,2400,2472,2510,2500,2476,2574,2667,2601,2515,2550
5100053516,2150,2040,1942,1964,1913,1911,1835,1898,1855,2007,1934
4693762786,2135,2107,1991,2034,2135,2104,2018,1917,1857,1847,1925
2743046316,2687,2687,2609,2634,2562,2558,2599,2560,2370,2309,1975
1745385885,2101,2101,2025,2094,1938,1950,2018,1965,1915,1972,1966
8227744859,2192,2100,2135,2126,2155,2117,2130,2086,1996,2002,1988
4716919420,1054,1029,1001,1001,991,925,933,979,1007,966,897
3515548708,2935,2935,2897,2871,2764,2614,2571,2504,2437,2407,2430
1678524844,2172,2172,2046,2014,2034,2103,2098,2116,2078,2064,2082
5745287250,2180,2180,2088,1869,1643,1342,1091,1191,1313,1433,1128
8511057120,2599,2599,2574,2585,2483,2506,2491,2467,2490,2374,2408
1045791625,2594,2494,2493,2497,2529,2594,2460,2506,2417,2499,2552
8269575466,2675,2303,2501,2409,2550,2646,2626,2637,2653,2675,2503
9267433918,2264,2264,2125,2053,2077,2001,2041,2093,2036,2032,2095
5886855493,2043,1980,1952,1883,1879,1798,1884,1942,1959,2043,1974
4338328605,2466,2466,2291,2278,2356,2361,2269,2324,2245,2281,2188
6720839177,2024,2009,2024,1971,1982,1931,1952,1971,1905,1867,1733
2720267459,2180,1991,1947,1992,2057,2028,1961,1797,1902,2116,2039
4353150364,2581,2118,2136,2205,2238,2289,2271,2340,2434,2581,2449
6426259823,2948,2892,2822,2948,2948,2924,2909,2842,2886,2884,2805
9421325162,2565,2548,2493,2460,2481,2426,2281,2255,2271,2362,2490
2531198396,2237,2154,2156,2025,2019,2110,2139,2049,2014,1998,1915
5978737201,2082,2082,2073,2022,1984,1844,1756,1640,1597,1428,1327
6658255438,2135,2135,2099,2023,1877,1807,1772,1964,1933,1957,1988
6554263615,2244,2103,2097,2113,2133,2176,2126,2150,2093,2073,2161
2269524063,2095,2091,2095,2048,1866,1875,1860,1826,1880,1887,1887
5710705084,2718,2536,2606,2496,2572,2489,2458,2592,2718,2664,2634
8473092848,2065,2047,2047,2053,2016,2012,2016,1995,1970,1981,2020
6211604541,2208,2195,2208,2096,2067,2160,1995,1992,1883,1919,1938
9803362916,2117,2117,2088,2039,1902,1938,1884,1940,2005,1973,1977
9513391741,2278,2278,2090,1999,1667,1114,762,,,,
6760366572,2782,2782,2715,2441,2285,2121,1640,996,,,
2254713264,2226,2226,2128,2088,1950,1938,1847,1883,1727,1668,1719
5294830141,1991,1991,1789,1738,1820,1773,1742,1841,1889,1844,1781
7083480975,1987,1987,1867,1854,1940,1821,1700,1510,1221,636,
9271491469,2814,2759,2814,2665,2577,2631,2726,2732,2563,2578,2656
9333813593,2945,2945,2800,2598,2548,2734,2642,2617,2666,2579,2566
2723413501,2485,2485,2432,2304,2195,2212,2208,2199,2271,2340,2285
8565430944,2269,2235,2269,2109,2040,1938,2026,2057,2050,2051,1944
3961949235,2486,2473,2486,2394,2400,2300,2375,2370,2413,2305,2282
2169593320,2313,2313,2153,2063,2132,1920,1967,1981,1928,2029,2000
9235326769,2093,2093,1928,1851,1928,1821,1829,1816,1835,1912,1904
1449098274,1978,1978,1772,1794,1779,1751,1694,1707,1590,,
4621866312,2094,2074,2069,2054,2094,1962,1811,1805,1798,1895,1997
1546852251,2490,2445,2360,2159,2300,2387,2345,2428,2414,2400,2478
5690372990,2097,2021,1996,1953,2007,2097,2061,1938,1999,1956,2014
9498864878,2123,2123,2061,2003,1896,1603,1278,716,,,
2653579602,2295,1990,1860,1872,1798,1847,1826,1906,1874,1824,1885
5223307594,2066,2004,1873,1889,2047,2066,1996,1945,1996,1996,1991
1393414372,2367,2311,2367,2365,2348,2297,2315,2337,2285,2255,2181
4976500180,2200,2185,2098,2200,2132,2122,2061,2021,2089,2040,1959
2606712369,2036,1978,2036,2024,1931,1947,1929,1980,1707,1684,1585
1801494168,2578,2329,2480,2538,2521,2534,2470,2501,2578,2533,2561
1999646307,1997,1997,1983,1978,1962,1862,1796,1763,1743,1747,1764
6108802928,2130,2130,2049,1876,1881,1925,2013,2045,1904,1905,1878
7776683405,2325,2121,2174,2091,2172,2056,2106,2117,2158,2158,2131
5435670130,2045,2000,2045,2011,1914,1968,2045,1974,1958,1946,1951
6299374541,2223,2197,2162,2151,2146,2059,1971,1961,2030,2033,2087
1240585396,2381,2170,2136,2135,2093,2196,2193,2303,2271,2294,2337
9926249487,2149,2149,1919,1702,1374,837,,,,,
5158988579,2573,2529,2573,2487,2300,2039,1622,1361,857,,
7336977114,2139,2139,2109,1982,1880,1566,1514,1376,1170,770,
3794458253,2260,2072,2055,2090,2082,2152,2153,2046,2039,2107,2051
7591849013,2477,2477,2476,2399,2306,2336,2361,2333,2263,2262,2267
7768989368,2190,2190,1946,1885,1786,1296,770,,,,
6031410558,2170,2154,2068,2156,2170,2114,2016,1935,1984,1896,1923
6578770190,2233,2150,2168,2123,2211,2085,2196,2225,2233,2196,2056
7284547344,2344,2301,2187,2236,2344,2270,2116,2056,2067,1956,2050
3480642865,2266,2157,2226,2266,2035,1692,1214,772,,,
7367826404,2551,2551,2497,2257,2094,2056,2081,2133,2156,2113,2086
8876060717,2231,2231,2110,2053,1971,2015,2042,1925,1896,1944,1896
9145190334,2199,2199,2154,2122,2031,2058,2063,2085,2038,2083,2100
1594498403,2107,2107,1950,1488,882,,,,,,
8183589446,2085,1984,1983,1974,1846,1877,1941,1827,1653,1709,1673
6204054730,2130,2130,2096,2070,2026,2004,1995,1929,1903,1924,1978
2443185559,2146,2146,2124,2047,2042,1870,1922,1885,1870,1971,1928
4105050210,2283,2283,2111,2166,2182,2168,2254,2203,2197,2149,2066
5651387782,2069,2069,2009,1959,1926,1953,1742,1514,1245,986,525
7948753032,2242,2154,2082,2049,2033,2137,1997,1996,2046,2073,2039
5059028361,2248,2248,2068,2084,1987,1895,1939,1923,1876,1821,1858
2397585032,2288,2288,2112,2026,1925,1818,1522,1546,1371,757,
6511272226,2260,2197,2172,2206,2185,2260,2107,2029,2044,2091,2075
1967351687,2322,2322,2036,2109,2172,2164,2204,2202,2210,2210,2170
2035398154,2187,2185,2139,2116,2163,2134,2171,2074,2153,2166,2187
7005538835,2235,2235,2227,2160,2106,2148,2143,2067,2152,2127,2212
8463385823,2296,2296,2203,2187,2198,2193,2101,2145,2051,2020,1928
8005483973,2437,2350,2378,2401,2437,2362,2379,2163,2180,2235,2171
3416568964,2088,2088,1872,1534,1206,713,,,,,
5214217736,2739,2597,2635,2739,2700,2579,2424,2380,2345,2246,2129
6884714197,2112,2064,2062,2092,2004,2023,2112,1991,1903,1929,1947
4840742111,2172,2008,2062,1955,1976,2032,2088,2127,2080,2017,2021
8797469969,2881,2749,2786,2713,2805,2768,2750,2881,2763,2653,2557
8275445855,2455,2455,2405,2304,2224,2171,2054,2157,2139,2027,2046
7076079465,2306,2175,2062,2126,2164,2258,2096,2172,2079,2179,2157
5836138702,2100,2100,1965,1981,1914,1924,1912,1755,1785,1808,1742
2340833364,2568,2456,2449,2499,2354,2395,2381,2316,2316,2364,2313
6863540643,2245,2236,2245,2132,2033,1997,1907,2146,2003,2103,2210
4700158944,2184,1976,1996,1990,1924,1930,1936,1989,1980,1927,1932
3356230258,2652,2602,2652,2490,2433,2324,2303,2264,2083,2162,1905
2101416181,2544,2393,2357,2381,2494,2490,2482,2541,2544,2542,2436
1032830327,1989,1989,1902,1890,1924,1955,1856,1854,1742,1774,1704
3576587279,2210,2210,2140,2049,1939,1894,1782,1709,1577,1376,1021
3822472909,2141,2141,2058,1961,1956,1891,1907,2002,1982,1934,1891
1769247838,2121,2068,1972,2021,2121,1970,1780,1522,1089,796,
2374767452,2099,2099,1975,2058,1870,1699,1757,1663,1646,1632,1646
6349092182,2300,2265,2210,2209,2196,2207,2162,2225,2225,2280,2241
3317308315,2235,2094,2118,2177,2225,2148,2097,2085,2124,2148,2118
8713384026,3279,3094,3045,3026,2960,2850,3018,2975,2938,2984,3132
9265359922,2358,2264,2222,2212,2186,2196,2183,2214,2204,2151,2165
8267986510,2351,1986,1972,2042,2061,2292,2308,2334,2311,2253,2228
9020054877,2175,2115,2103,2175,2005,1713,1384,678,,,
5868272975,2130,2114,2012,2130,1966,1775,1302,738,,,
5833047740,2306,2215,2295,2306,2232,1918,1792,1648,1597,,
8042046686,2490,2269,2490,2335,2241,2097,2083,2187,2228,2230,2062
6841391821,2109,2109,2065,1925,2006,2008,2019,1850,1717,1678,1460
3250200753,2237,2118,2075,2053,2018,2025,2047,2039,2067,2107,2153
4654215697,3004,3004,2976,2960,2843,2796,2827,2835,2886,2828,2838
8823302030,2192,2192,2190,2125,2067,2073,1984,1939,1953,1851,1869
3814780223,2143,2143,1971,1653,1744,1685,1819,2015,2104,2108,2078
4307513758,2118,2118,2078,1947,1767,1800,1797,1870,1835,1716,1551
6057766949,2108,2108,2059,1942,1959,1983,1951,1915,1940,1833,1829
6741027231,2087,2041,2087,1970,1979,1885,1934,1766,1770,1753,1658
3838632606,2624,2610,2596,2516,2430,2512,2442,2338,2172,2109,1918
9071100936,2254,2254,2194,2138,1881,1766,1641,1476,1036,674,
7410461984,2195,2195,2175,2184,2180,2001,1983,2070,2128,2049,2043
4289831885,2111,2111,2086,2033,1982,1891,1937,1957,1917,1985,1946
4983325014,2111,2111,2094,2003,1903,1714,1692,1754,1611,1638,1636
3649290560,2148,2148,1902,1566,1253,755,,,,,
7044564941,2017,2017,1935,1824,1632,1407,1223,1216,1159,999,644
3659082311,1977,1977,1504,838,,,,,,,
4854956708,2014,2014,1733,1447,1091,630,,,,,
8302094076,2272,2272,1966,1550,1314,643,,,,,
4145438886,2123,2123,2078,2010,2052,1935,1937,1873,1886,1941,1827
5046079930,2344,2307,2344,2281,2241,2238,2231,2227,2079,2053,2126
8599698007,2116,1991,1999,2002,2025,1990,1898,1967,2004,1988,2031
1679437800,2408,2360,2408,2305,2271,2145,2131,1922,1953,1872,1803
7693894093,2095,2056,2095,2059,1898,1819,1790,1870,1882,1833,1897
7161161958,2403,2370,2394,2403,2288,2392,2339,2276,2170,2194,2200
1175295355,2532,2274,2294,2298,2358,2393,2418,2462,2414,2500,2403
2497422551,2221,2124,2050,2221,2039,1981,1924,1884,1832,1850,1890
4786767830,2180,2102,2047,1981,2180,2029,2048,2125,2070,2092,2036
6552422851,2197,2197,1972,1939,1933,1702,1832,1906,1687,1657,1610
5324439481,2276,2205,2276,2150,2130,2038,2048,2110,2065,1906,1808
6098583621,2300,2300,2281,2252,2205,2251,2213,2164,2150,2259,2191
5918958492,2148,2130,2107,2148,1924,1792,1917,2017,1965,1878,1825
2864215528,2136,2136,2069,2099,1937,1870,1763,1700,1649,1728,1530
9300750704,2213,2042,2072,2089,2067,2017,2018,2089,2121,2167,2144
7326120644,2165,2090,2080,2127,2128,2165,2065,1953,1925,1849,1900
2345604101,2332,2149,2252,2261,2274,2162,2179,2223,2240,2287,2292
8812688478,2196,2140,2196,2053,2016,1963,2004,2006,1856,2004,1998
3240357438,2020,1982,1923,1796,1811,1806,1942,2020,1878,1758,1741
6986478233,2901,2632,2582,2645,2628,2617,2560,2616,2688,2890,2901
8406594362,2994,2755,2730,2670,2659,2688,2703,2804,2834,2804,2725
3723824053,2199,2118,2199,2070,1924,1909,1782,1761,1650,1480,1447
1398224630,2248,2164,2077,2094,2217,2248,2092,2114,2095,2051,2032
5401059165,2108,2108,2058,1933,1964,1855,1876,1912,1905,1779,1634
5830718898,2604,2556,2531,2418,2375,2480,2385,2486,2499,2596,2604
3993669020,2097,1982,1993,1979,2024,1945,1924,1939,2059,2097,2071
6819540501,2218,2218,2174,1770,1549,1406,1188,680,,,
1095857947,2129,2129,1878,1930,1804,1768,1711,1665,1652,1614,1642
9697628367,2137,1989,2019,2046,1978,1978,2089,2087,2119,2075,2101
9916165002,2028,2028,2027,1992,1982,1783,1677,1664,1697,1642,1567
5097328283,2592,2592,2551,2451,2426,2213,2236,2382,2385,2274,2257
3814814838,2110,2048,2051,2110,1942,1861,1723,1513,1201,768,
5028544527,2751,2691,2578,2626,2606,2610,2613,2612,2631,2751,2620
1913833100,2513,2441,2459,2513,2422,2366,2412,2348,2375,2344,2405
7635735035,2611,2477,2480,2496,2475,2487,2611,2576,2525,2541,2538
9647524546,2183,2183,2135,1983,1927,1921,1886,1824,1818,1714,1840
1857989766,2143,2143,1939,1920,1888,1894,1887,1948,1935,1935,1861
2738509237,2205,2185,2205,2175,2149,2104,2078,2079,2089,2092,2045
1634193462,2270,2253,2270,2107,1927,1676,1595,1471,1245,771,
4130449785,2257,2119,2052,2026,2044,1915,1898,1896,1947,1883,1903
5564451768,3654,3400,3572,3484,3310,3206,2989,2882,2993,2891,2809
8452389677,2443,2370,2443,2295,2199,2217,2250,2103,2098,2063,1939
7189541944,2117,2117,2003,1903,1900,1774,2006,2037,1968,1936,1858
5305058548,2125,2125,2125,1953,1625,1224,668,,,,
8100920388,2050,2050,1971,2008,1975,1825,1818,1733,1679,1618,1716
9431260199,2764,2683,2764,2626,2663,2689,2643,2511,2567,2599,2588
8917389806,2258,2258,2220,2067,2106,2141,1929,1800,1584,1298,697
5214607327,2185,2125,1994,1899,1879,1899,1992,2055,1875,1831,1963
3694305171,2541,2541,2465,2440,2470,2460,2428,2311,2320,2262,2195
2626381396,2276,2039,2251,2240,2264,2271,2215,2276,2242,2168,2199
5682829476,2031,2031,1979,1854,1812,1870,1910,1885,1904,1840,1795
1733063425,2474,2474,2458,2429,2388,2394,2415,2395,2445,2311,2233
8503518608,3204,2969,3018,3024,3003,3097,3204,3042,3078,2922,3024
6749843804,2333,2333,2296,2315,2270,2294,2257,2177,2229,2298,2244
7418155804,2371,2216,2133,2371,2286,2143,2184,2186,2192,2303,2304
6007941468,2051,1995,2021,2051,1941,1969,1950,1919,1896,1969,1922
1313092082,2106,2029,2049,2033,1977,2002,2106,2041,1877,1910,1910
5533193902,2224,2224,2177,2122,2152,2117,2016,2037,1935,1905,1963
5224598569,2158,1996,1997,1998,1997,1999,2010,2018,1925,1855,1917
7256374089,1987,1987,1973,1935,1932,1895,1821,1711,1625,1622,1646
9366275499,2005,2005,1958,1933,1916,1884,1773,1763,1710,1687,1700
1967628797,2422,2422,2385,2274,2241,2351,2306,2226,2098,2190,2218
3981271911,2157,2157,2044,1928,1999,2055,2072,2100,2003,2101,2042
4145958226,2330,2252,2127,2200,2211,2245,2318,2330,2326,2272,2227
2030644659,2349,2220,1963,2093,2205,2129,2065,1956,2015,2002,1995
7415226424,2122,2122,2111,2065,2071,1978,2003,2016,2016,1917,1928
5814622601,2253,2054,1983,1894,2016,1916,2007,1946,1945,2070,2144
6681456827,2206,2202,2104,2110,2165,2189,2149,2087,2073,2163,2206
7874134993,2097,1981,1879,2085,2097,1993,1843,1765,1581,1414,
5162915151,1990,1990,1896,1811,1273,773,,,,,
2353566733,2279,2100,2068,2161,2203,2261,2279,2279,2195,2182,2190
4468331870,2080,2080,2026,1898,1988,1937,1903,1985,1978,2044,2068
7109661649,2196,2152,2098,2047,2090,2106,2124,2114,2169,2149,2177
8426302676,2321,2321,2159,2021,1943,1954,1915,1864,1898,1885,1937
9682110823,2399,2308,2344,2165,2235,2310,2399,2316,2234,2275,2254
7878086744,2472,2423,2389,2433,2377,2382,2408,2471,2444,2423,2341
8190589461,3353,2994,3047,3020,2990,2967,3079,3165,3219,3139,3098
7583044338,2290,2216,2037,1991,1894,1973,2060,2044,2135,2193,2169
8550314920,2174,2058,2042,2045,2008,2005,1943,1989,1934,2031,2135
1108699509,2108,2108,1976,2009,2001,1956,2018,2032,1992,1985,1923
4162453168,2195,2195,2020,1799,1463,1082,664,,,,
9145659877,2439,2439,2313,2389,2417,2355,2321,2257,2305,2342,2350
1428335717,2107,2107,1896,1948,1750,1547,1587,1538,1486,1481,
1685264041,2090,2090,1988,1949,2009,2047,1943,1888,1951,1869,1878
4286712716,2211,2069,2049,2156,2074,2009,2109,2150,2211,1885,1844
1981451703,1998,1998,1956,1980,1823,1713,1285,802,,,
9046497672,2485,2420,2393,2435,2424,2485,2387,2322,2312,2209,2330
3455683075,2427,2427,2423,2387,2330,2287,2198,2184,2087,2034,1987
1549319138,2259,2124,2065,2111,2007,2017,2026,2109,2058,1991,1982
4645810370,2143,2143,2086,2108,2061,2096,2091,2084,2088,2063,2082
5353806674,2141,2100,2141,2008,1914,1875,1758,1777,1901,1923,1861
3948648340,2442,2406,2288,2296,2310,2309,2320,2256,2346,2334,2442
9081852647,2170,2109,2080,2025,2042,2091,2011,1951,1841,1879,1896
6860810025,2358,2358,2242,2105,1772,1337,768,,,,
1966512296,2099,2099,1995,1997,1925,1813,1615,1460,1458,1496,1395
5472128302,2180,2135,2141,2180,2127,2155,2108,2164,2061,2071,1983
1810100602,2027,2027,1889,1688,1621,1552,1566,1559,1367,1281,1179
5823905116,2133,2059,2078,1989,2091,2019,1978,2078,2133,2033,1950
5977359925,2041,2041,1794,1513,1076,570,,,,,
5014388692,2201,2172,2153,2105,2039,2095,2196,2189,2141,2149,2144
4453345530,2025,2025,2015,1914,1968,1893,1908,2019,2012,1870,1905
4968691693,2288,2045,2012,1892,1849,1745,1799,1744,1794,1956,2018
3771750981,2202,2100,2134,2164,2202,2096,2142,2050,1883,1890,1904
8216968725,2722,2628,2635,2613,2583,2598,2626,2675,2647,2668,2654
5931877303,2321,2279,2321,2247,2301,2264,2276,2248,2287,2209,2103
7121030476,2608,2430,2509,2595,2608,2567,2605,2468,2450,2418,2306
8966690789,2197,2137,2141,2029,2033,2134,2197,2031,2015,2016,2054
9284325438,2749,2741,2684,2715,2668,2749,2632,2709,2731,2685,2573
1183886698,2807,2659,2683,2727,2662,2616,2550,2446,2535,2538,2647
9712860013,2148,2148,2142,2083,2022,2055,2046,2007,1939,1868,1615
1105616117,2154,2025,2020,2025,2108,2109,2064,2062,2056,2074,2040
9401238521,2064,1995,1902,1970,1954,1986,1905,1975,1930,1856,1930
6410065280,2445,2376,2322,2397,2359,2381,2419,2445,2308,2361,2396
7315618974,2136,2136,2098,2040,1962,1935,1941,1949,1932,1904,1958
6121253297,2605,2479,2498,2405,2444,2468,2530,2505,2446,2539,2474
6950028402,2185,2185,2064,1904,1859,1913,1869,1823,1852,1788,1704
7527230469,2216,2173,2191,2097,2164,2178,2211,2027,1926,1943,1969
2060557006,2120,2120,2009,1973,2041,2016,1872,1708,1283,816,
3706283838,2125,2125,2070,1952,1939,1955,1977,2057,2085,1940,2025
1177503867,2048,2048,2016,1933,1875,1894,1884,1850,1837,1807,1767
6262331129,2320,2320,2260,2255,2228,2141,2128,2181,2180,2134,2144
5118430495,2038,2038,1978,1916,1955,1926,1901,1853,1750,1644,1709
5873248744,2086,2003,2086,2074,1989,2027,2054,2000,1958,1975,1889
7436324281,2269,2243,2269,2030,2034,2107,1948,1932,1856,1788,1653
6309762085,2040,1978,1939,2040,1955,1912,1847,1710,1739,1857,1893
5413090600,2727,2573,2579,2513,2517,2568,2645,2490,2510,2539,2517
6559672370,2157,2157,2061,2067,2061,1953,2005,1933,1908,2063,1927
1615255058,2268,2268,2163,2162,2110,2169,2158,2152,2058,2097,1950
3457362155,2011,2011,1896,1943,1956,1866,1906,1910,1781,1680,1587
5969753904,2345,2252,2221,2220,2290,2272,2265,2223,2329,2262,2269
5317514627,2220,2099,2052,1983,1871,1833,1929,1928,1903,1887,1842
3058631932,2219,2004,1947,1994,2032,1991,2116,2068,2059,1950,1859
6150604137,2099,2061,1889,1876,1932,1947,1948,2099,1953,1897,1910
4139789901,2525,2525,2459,2316,2318,2378,2365,2239,2285,2287,2280
6331462744,2255,2174,2186,2162,2166,2205,2255,2184,2212,2161,2176
9184877367,2672,2590,2635,2672,2580,2537,2425,2313,2308,2323,2256
3197431606,2022,2022,2000,1834,1938,1879,1863,1920,1895,1935,1797
9384380087,2428,2311,2341,2428,2407,2390,2246,2177,2166,2159,2244
3599293854,2085,2085,2045,2074,2058,2004,1961,1939,1940,1798,1781
4783239640,2688,2619,2637,2610,2524,2467,2445,2550,2546,2522,2512
8452184255,2459,2459,2381,2352,2172,2079,1932,1375,811,,
1232047396,2029,2029,1893,1835,1985,1909,1876,1879,1869,1855,1862
4176867379,2323,1979,2034,2106,2132,2222,2316,2323,2213,2089,2166
1824173546,2245,2245,2144,2077,2152,2202,2113,2102,2106,2076,2022
7989096906,2109,2104,2039,2109,2061,2109,2065,2002,2104,2011,1917
3409495574,2235,2023,1966,1890,1848,1783,1835,1881,1863,1846,1930
1903094057,2187,2163,2187,2015,2096,2102,2075,1962,1894,1974,2038
3972062295,1983,1983,1956,1907,1973,1845,1823,1705,1675,1625,1704
8736384039,2587,2450,2363,2490,2528,2570,2515,2487,2472,2336,2408
2002706218,2865,2495,2558,2585,2509,2502,2433,2528,2572,2609,2621
8623195992,2390,2390,2228,2190,2180,2256,2068,2051,1811,1727,1797
7475104923,2527,2472,2462,2498,2527,2500,2504,2488,2412,2386,2412
2365527094,2563,2442,2455,2531,2563,2462,2511,2507,2358,2361,2338
5961247919,2424,2424,2304,2093,2067,1961,1889,1804,1704,1589,1279
7814362560,2103,2103,2014,1936,1727,1460,989,532,,,
1971596010,2251,2251,2124,1870,1373,809,,,,,
7260408273,2342,2342,2142,2149,2170,2021,2144,2151,1934,2198,2036
2733244754,2374,2139,2055,2152,2109,2162,2026,1992,2033,2044,2001
8400956620,2076,2076,2027,1999,1999,2062,1984,1975,1963,1975,1974
3994727286,2347,2180,2188,2254,2272,2281,2241,2244,2233,2214,2070
4889975003,2630,2321,2392,2395,2381,2468,2478,2471,2421,2429,2316
4672086665,2248,2177,2194,2220,2195,2170,2248,2127,2022,2075,2113
4650669946,2144,2144,2130,2142,2062,2011,1954,1967,1946,1941,1933
5289195207,2028,2028,1981,1974,1989,1887,1865,1884,1896,1801,1789
6133347388,2375,2203,2264,2369,2375,2286,2296,2331,2313,2218,2216
9832438907,2054,2049,2054,1926,1839,1708,1566,1098,639,,
3857207362,2586,2548,2540,2551,2586,2486,2411,2416,2384,2396,2446
6531984740,2267,2267,2176,2082,2141,2177,2161,2171,2183,2191,2192
3882499625,2257,2257,2175,2135,2120,2105,2033,1998,2030,2056,1906
1858997425,2041,2041,2013,1989,1806,1660,1564,1329,823,496,
4493912882,2450,2137,2292,2152,2142,2168,2190,2131,2036,2082,2177
2555994777,2401,2125,2157,2213,2284,2367,2381,2401,2383,2282,2152
2825364164,2103,2088,2103,1985,1944,1736,,,,,
7054689632,2011,2011,1985,1854,1827,1701,1840,1879,1851,1698,1417
6151933354,2199,2155,2161,2106,2199,2194,2061,2032,2087,1948,1945
8449628534,2886,2859,2886,2810,2771,2743,2776,2799,2682,2651,2724
3088661654,2402,2402,2271,1911,1363,665,,,,,
7723195303,2341,2341,2308,2236,2233,2217,2143,2118,2180,2119,2103
3321076957,2123,2044,2019,2023,1965,2009,2044,1886,1985,2047,2051
2063809578,2514,2380,2514,2401,2390,2388,2194,1912,1452,952,
5862288550,3147,2797,2873,2852,2920,2925,3002,3086,3117,3082,3052
6816550288,2854,2533,2616,2805,2854,2686,2517,2533,2537,2446,2279
4415471427,2219,2219,2029,1619,1213,828,,,,,
1417714567,2109,2109,1917,1921,1669,1651,1288,900,,,
1614284404,2781,2755,2748,2781,2680,2735,2711,2747,2730,2686,2610
5928597828,2625,2328,2362,2412,2344,2480,2457,2588,2477,2452,2495
7157941001,2170,2013,2085,2087,2036,1994,2081,2143,2082,2141,2170
5669154704,2313,2150,2169,2313,2226,2163,2155,2149,2002,1872,1817
9430493157,2399,2244,2131,2164,2241,2327,2379,2316,2383,2388,2399
8377689506,2376,2376,2274,2091,1984,1998,1980,1954,2033,1911,1965
9938527272,2319,2319,2268,2058,1787,1371,751,,,,
8455002203,2087,2087,2031,2082,1937,1930,1839,1856,1882,1913,1804
4379025153,2044,2044,1966,1894,1997,2001,1844,1589,1626,1839,1952
4439028939,2350,2170,2099,2141,2257,2244,2088,2126,2169,2129,2040
6191573630,2071,2071,1963,1864,1850,1691,1494,1519,1467,1520,1411
4491228001,2740,2740,2634,2673,2548,2551,2503,2402,2418,2476,2477
4651587445,2047,2047,2020,1964,1937,1968,1997,2005,1951,1967,1843
5838225377,1991,1991,1599,1214,801,,,,,,
4694496739,2176,1982,1958,1969,2020,2079,2022,1999,1853,1728,1779
9726185587,2137,2137,2020,1904,1863,1841,1743,1990,1994,1952,1868
9429286031,2310,2260,2148,2149,2157,2107,2092,2108,2089,2048,2115
1499210683,2210,2122,2175,2115,2193,2207,2210,2187,2001,1940,1892
1092563551,1999,1999,1959,1912,1892,1813,1916,1951,1814,1743,1855
8262987230,2696,2696,2565,2282,1899,1360,895,,,,
8001683089,2070,2036,1991,2020,1930,1838,1886,1952,1851,1887,1985
1605700931,2039,1995,2039,1962,1889,2023,1932,1702,1792,1814,1878
1553709347,2400,2175,2056,2280,2291,2369,2400,2385,2271,2273,2232
9339854926,2760,2760,2710,2642,2592,2509,2364,2419,2529,2435,2363
9972257478,2771,2651,2748,2676,2603,2616,2565,2553,2624,2552,2533
8428162028,2494,2205,2263,2085,1984,2134,2145,2204,2126,2174,2085
5571028164,2070,2070,2039,2047,2019,1874,1693,1737,1689,1636,1721
7996526847,2235,2235,2058,2063,1977,1960,1969,2014,2045,2117,2039
2738836851,2185,2185,2164,2013,1941,1993,1936,2000,2042,2036,1936
5438228073,2443,2443,2314,2096,1642,1220,660,,,,
1928885298,2460,2460,2346,2359,2394,2324,2269,2239,2358,2398,2276
4439545768,2135,2135,2054,1965,1935,1901,1840,1882,1928,1860,1922
3788124822,2093,2093,2048,1956,2034,1993,2010,1982,1820,1780,1744
1124735089,2096,1981,2061,1975,2082,2096,2096,1902,1862,1882,1826
3442844942,2691,2273,2400,2476,2444,2442,2407,2394,2319,2477,2561
8134604915,2099,2099,1977,1852,1744,1849,1937,1997,2028,1840,1789
7816172710,2132,2132,2082,2086,2066,2005,1982,1932,1855,1740,1656
8731462093,2354,2205,2203,2225,2132,2183,2262,2183,2112,2067,2183
3495789347,2508,2321,2508,2465,2414,2453,2348,2150,2211,2147,2123
5677557822,2244,2244,1892,1495,880,,,,,,
4066652272,1978,1978,1794,1780,1788,1695,1663,1607,1327,957,502
3461461262,2475,2402,2395,2446,2456,2367,2353,2303,2335,2475,2219
9394313458,2365,2365,2271,2236,2145,2099,2149,2256,2176,2067,2110
8374827188,2066,2066,1894,1893,1878,1703,1521,1154,619,,
4653846114,2101,2101,2022,2063,1952,1951,1908,1673,1609,1493,1172
9827221751,2188,2108,2079,2188,2186,2169,2146,2085,2062,2067,1880
3711616593,2130,2009,1985,1936,1886,1927,1791,1755,1947,1943,1996
3077220887,2248,2151,2248,2114,2038,1886,1803,1500,1198,723,
6217416745,2126,2126,1987,2028,2068,1964,1872,1810,1863,1754,1705
2437338882,3833,3572,3518,3569,3487,3644,3833,3724,3727,3783,3813
6406675957,2147,2147,1957,1805,1668,1575,1440,1249,1284,1196,1317
2509691587,2358,2256,2092,2106,1893,1916,1901,2113,2122,2222,2340
1061997862,2128,2124,2061,2107,2033,2083,1962,2017,2059,2098,2128
9383077744,2178,2114,2178,2149,2177,2148,2092,2142,2096,2022,2000
2001831359,2328,2328,2275,2150,2147,2026,2004,1976,1955,1972,1916
1902980280,2279,2253,2163,2019,2071,2163,2279,2230,2144,2021,1956
5428967159,2027,2027,1955,1862,1843,1774,1720,1834,1829,1842,1799
6596243737,2049,1991,2049,1914,1748,1550,1207,699,,,
8254300564,2291,2265,2226,2212,2166,2184,2121,2211,2187,2276,2190
5801033214,2662,2528,2478,2464,2512,2458,2483,2514,2571,2445,2540
9820803469,2138,2138,2084,2036,2039,1948,1887,1759,1917,1792,1906
1076610315,2188,2188,1938,1992,1713,1401,890,,,,
9134212493,2154,2154,2133,2129,2130,2075,2099,2022,1972,1914,2008
5720746961,2197,1987,2031,2057,1986,1936,1934,1917,1970,2084,2101
1616621582,2290,2242,2290,2194,2229,2164,2151,2106,2095,1978,1994
8254794185,2183,2183,2077,2072,2159,2025,2028,1996,1960,1958,1753
5123387259,2110,1983,1970,2061,2110,1937,1758,1787,1784,1904,1610
2859921540,2395,2288,2213,2209,2194,2267,2363,2395,2309,2391,2348
9746819813,2429,2404,2355,2374,2429,2356,2285,2345,2302,2256,2235
6681898521,2164,2164,2078,2078,2104,1975,1924,1955,1948,1923,1927
6242608358,2022,1990,2022,1982,2005,1920,1862,1852,1816,1794,1778
9160852527,2246,2205,2098,2132,2174,2246,2213,2195,2087,2128,2154
7903413068,2357,2089,2012,2070,2082,2097,2148,2093,2143,2256,2223
7205690476,2656,2656,2623,2620,2526,2600,2655,2611,2526,2563,2510
2530509646,2866,2493,2573,2619,2699,2780,2706,2653,2657,2741,2866
8805790704,2570,2323,2310,2348,2394,2408,2530,2507,2452,2249,2217
3224563567,2228,2228,2115,2052,2099,1957,1870,1741,1699,1372,1268
4713144492,2147,2147,1963,1813,1797,1721,1785,1792,1748,1739,1772
7252399906,2043,2043,1934,1914,1774,1778,1727,1675,1765,1620,1586
6711646070,2068,2030,2007,1975,1942,1910,1971,2007,1887,1871,1890
8458231393,2427,2237,2311,2346,2423,2427,2294,2354,2330,2370,2373
5380813886,2027,2018,1885,1958,2013,1968,1978,1967,2027,1998,1879
7144327026,2128,2128,2067,2067,1929,1927,1904,1918,1895,1935,1955
8344340561,2292,2195,2271,2271,2233,2221,2157,2221,2245,2272,2292
6811564965,2246,2034,2246,2128,2108,2086,2140,2060,1989,2180,2196
7534780732,2288,2193,2216,2249,2247,2236,2224,2212,2241,2199,2198
2811501830,2414,2251,2096,2110,2079,2129,2112,1976,2133,2150,2134
7643170386,2386,2347,2365,2386,2298,2169,2154,2293,2288,2383,2290
5649454545,2081,2046,2081,2033,2022,2049,1971,1952,2023,1954,1862
3404812466,2411,2411,2397,2359,2160,1915,1447,843,,,
4866555724,2143,2143,2057,2097,1998,2038,1977,1831,1854,1860,1897
9317322362,2133,2133,2105,2072,1979,1935,1923,1963,1955,1962,1878
2795057185,3075,3075,2996,3032,2988,2956,2951,2942,2929,2839,2840
9432448804,2575,2524,2517,2527,2575,2505,2509,2416,2392,2378,2361
6705174186,2361,2361,2353,2271,2223,2112,2066,2168,2107,2142,2255
2784656551,2311,2311,2157,2094,2116,2158,2090,1993,2030,1913,1897
2221220079,2245,2152,2149,2126,2135,2121,2137,2245,2161,2070,1923
1716148370,2448,2448,2433,2415,2286,1889,1362,667,,,
8444837408,2784,2784,2780,2693,2578,2608,2559,2532,2537,2467,2515
4667819235,2281,2171,2094,2110,2069,2219,2207,2281,2137,2071,2124
3235427227,2833,2790,2833,2781,2692,2703,2712,2572,2429,2407,2422
2079695146,2602,2279,2386,2411,2462,2497,2411,2341,2602,2601,2540
4369945500,2057,2057,2026,1980,1946,2037,1903,1667,1497,1191,719
9469358383,2417,2417,2289,2363,2235,2203,2198,2176,2136,2127,2174
2638349989,2321,2321,2265,2241,2220,2258,2166,2127,2110,2051,2110
2052362989,2214,1999,2014,2070,2077,2065,2067,2117,2143,2214,2206
9605195327,2276,2144,2180,2200,2219,2245,2276,2057,1853,1885,2168
5544760350,2029,2029,1954,1942,1909,1956,2026,1954,1816,1846,1899
1583304345,2664,2664,2580,2544,2427,2319,2257,2241,2151,2268,2210
8452905090,2391,2346,2294,2302,2336,2359,2375,2391,2175,2267,2274
4028460875,2112,2112,2067,1971,1949,1912,1925,1924,1889,1822,1981
6640735352,2018,1991,1941,1802,1733,1956,1983,1959,1927,2018,1786
7578804858,2066,1992,1975,2006,2051,1944,1994,2017,1979,2066,1882
1048152852,2556,2542,2556,2465,2404,2177,2166,2091,2107,2129,1858
7790119427,2288,2130,2192,2183,2132,2104,2031,2039,2128,2158,2199
3258156235,2124,2124,1970,1946,1905,1864,1880,1736,1668,1487,1145
7416729599,2433,2412,2341,2433,2365,2349,2304,2361,2390,2416,2352
6486006856,2599,2599,2522,2508,2385,2362,2307,2273,2222,2236,2050
9681545096,2463,2463,2337,2122,1872,1548,1159,495,,,
9267698428,2229,2229,2160,2122,2120,2054,1973,2017,2055,2048,2006
3434798283,2137,2137,2051,1976,2048,2041,1995,1923,1863,1772,1736
7993325162,2102,2102,1981,2026,2001,1972,1902,1798,1860,1802,1825
7801901053,2231,2072,2006,1988,1951,1931,1990,1942,1898,1932,1915
9782522776,2058,2032,2018,1949,2029,2058,1991,1821,1871,1887,1959
6707987822,2027,2027,1719,1658,1510,1487,1466,1455,1359,1393,1304
3129959037,2122,2122,2087,1942,1873,1655,1727,1655,1603,1659,1651
5411920239,2419,2240,2329,2378,2419,2391,2365,2325,2244,2239,2273
1704530302,2287,2287,2203,2001,1913,1981,1496,919,,,
1837582977,2073,2073,2054,1986,1985,1944,1909,1878,1936,1989,1967
6521454639,2204,2204,2112,2046,2023,1916,1722,1730,1625,1645,1410
3107625779,2323,2128,2060,2079,2159,2144,2131,2069,2043,2028,2000
3881023013,2438,2419,2438,2402,2341,2377,2263,2207,2173,2118,2173
8316712348,2339,2227,2188,2006,1734,1879,2018,2005,1929,2231,2253
5080166328,2593,2550,2518,2593,2465,2348,2304,2274,2207,2188,2144
1031464027,2340,2256,2203,2213,2119,2120,2161,2215,2260,2256,2312
8089538719,2306,2043,1880,2137,1952,1993,2063,2055,2024,2163,2229
5897767028,2124,2124,2050,1943,1916,1831,1828,1672,1631,1550,1603
6522712622,2431,2431,2187,2106,2021,1966,2196,2131,2083,1990,2133
7412771321,1993,1993,1936,1944,1916,1817,1902,1814,1818,1898,1868
3403493249,2019,1983,1915,1959,2019,1881,1784,1822,1864,1853,1866
7070562258,2121,2059,1989,2045,2034,2121,2088,2036,1908,1923,1920
3013858091,2665,2635,2563,2508,2592,2514,2655,2665,2515,2528,2603
6911784138,2515,2515,2432,2487,2253,2027,1729,,,,
8220215978,2512,2512,2372,2375,2344,2303,2212,2223,2127,2147,2118
6392545751,2272,2137,2153,2244,2272,2258,2028,2139,2059,1953,1956
5863614257,2105,2105,1999,1585,973,,,,,,
6891684543,2124,2124,2101,2016,2011,2123,2063,1945,1880,2015,1997
9683592826,2943,2943,2905,2747,2747,2743,2797,2737,2831,2706,2776
2514953341,2103,2047,2013,2103,2028,2038,1894,1810,1693,1653,
5215725989,2901,2799,2569,2551,2576,2735,2745,2671,2726,2656,2603
4352066495,2197,2197,2080,2047,1997,1969,1987,2003,1946,1979,1986
8091676417,2461,2461,2356,2286,2265,2328,2177,2138,2086,1994,1992
9934183936,2229,2190,2229,1967,1973,1978,1925,1927,1914,1950,1953
6933174658,2060,2060,2020,1932,1988,1926,2042,1850,1797,1635,1644
9815515770,2316,2186,2040,2140,2190,2184,2269,2316,2253,2161,2046
6813880545,2359,2198,2151,2184,2089,2050,2011,2088,2142,2038,1972
3612288943,2133,2107,2133,2095,2061,1946,1919,1967,2003,2078,2001
4881575912,2675,2250,2231,2176,2153,2264,2289,2376,2364,2487,2451
1254605885,2080,2030,2022,1939,1907,2080,1992,2016,1934,1868,1729
2867247410,2445,2445,2282,2233,2110,1979,1924,1835,1680,1828,1635
2143331745,2168,2168,2059,2070,1931,2105,2099,1866,1799,1870,1755
6884063241,2280,2248,2215,2280,2244,2219,2220,2059,2109,2147,2162
1185915916,2319,2226,2274,2098,2008,2102,2146,2185,2208,2260,2222
3172587113,2770,2756,2712,2719,2770,2683,2674,2637,2688,2655,2675
6309982432,2185,2089,2185,2096,2033,1894,1742,1405,827,,
9835920448,2167,2077,2100,2109,2115,2167,2145,2147,2095,1957,2056
9480350921,2000,2000,1951,1900,1927,1820,1787,1721,1686,1681,1592
7473555183,1977,1977,1910,1974,1823,1796,1790,1829,1717,1676,1716
7812437094,2098,2066,2098,1888,1788,1689,1386,1111,679,,
7119479728,2157,2157,2118,1818,1684,1387,787,,,,
1504914733,2243,2243,2191,2052,1936,1622,1297,693,,,
